Date,Close/Last,Volume,Open,High,Low
09/06/2024,$63.02,1815663,$62.04,$63.42,$61.885
09/05/2024,$62.09,1910439,$62.10,$62.48,$61.13
09/04/2024,$61.68,2272926,$61.23,$62.39,$61.23
09/03/2024,$61.72,2465549,$61.39,$62.52,$61.21
08/30/2024,$61.92,1962884,$61.76,$62.20,$61.1012
08/29/2024,$61.30,1422262,$61.48,$61.95,$60.63
08/28/2024,$61.13,1665506,$61.90,$62.49,$60.67
08/27/2024,$62.24,1564470,$62.09,$62.775,$61.93
08/26/2024,$62.24,2526813,$63.00,$63.00,$62.23
08/23/2024,$62.69,1648891,$62.85,$62.97,$62.25
08/22/2024,$62.41,1779550,$62.50,$62.68,$61.90
08/21/2024,$62.20,1879833,$62.25,$62.95,$62.03
08/20/2024,$61.85,1711435,$62.80,$62.89,$61.34
08/19/2024,$62.93,2794453,$61.00,$62.97,$60.9731
08/16/2024,$60.93,1639623,$60.85,$61.71,$60.40
08/15/2024,$61.09,2198851,$60.00,$61.44,$60.00
08/14/2024,$59.13,1420500,$59.28,$59.5101,$58.58
08/13/2024,$59.13,2707990,$58.74,$59.27,$58.15
08/12/2024,$58.31,2798463,$60.01,$60.19,$58.29
08/09/2024,$60.14,2816597,$59.16,$60.26,$58.62
08/08/2024,$59.22,2447208,$58.12,$59.68,$58.11
08/07/2024,$58.10,4061448,$57.92,$59.72,$57.45
08/06/2024,$57.38,3820124,$56.74,$57.89,$56.10
08/05/2024,$56.38,4672908,$55.50,$56.49,$55.14
08/02/2024,$56.94,4766844,$58.39,$59.03,$56.03
08/01/2024,$59.31,5089381,$60.06,$61.04,$59.01
07/31/2024,$60.02,4638199,$59.50,$61.01,$59.2925
07/30/2024,$59.52,6622256,$57.10,$59.72,$57.05
07/29/2024,$56.23,5299819,$56.79,$56.85,$55.39
07/26/2024,$56.71,9809144,$53.90,$56.80,$53.90
07/25/2024,$53.01,14857240,$55.12,$56.535,$52.99
07/24/2024,$56.42,22845180,$59.116,$64.16,$56.23
07/23/2024,$78.62,2473308,$79.36,$79.6899,$78.26
07/22/2024,$79.35,2194394,$77.60,$79.7825,$76.95
07/19/2024,$77.48,1607003,$79.90,$79.90,$77.451
07/18/2024,$79.07,3315937,$78.23,$80.13,$78.14
07/17/2024,$79.00,2418155,$77.58,$80.05,$77.51
07/16/2024,$77.91,2407095,$77.05,$78.745,$76.61
07/15/2024,$76.90,2546847,$79.08,$79.71,$76.84
07/12/2024,$78.95,2127603,$79.91,$79.95,$78.68
07/11/2024,$78.93,2469261,$78.25,$79.455,$77.87
07/10/2024,$77.97,3115994,$77.05,$78.47,$76.67
07/09/2024,$76.86,3473403,$79.93,$80.165,$76.85
07/08/2024,$80.48,2323682,$82.54,$82.695,$80.01
07/05/2024,$82.40,2048279,$82.21,$82.63,$81.46
07/03/2024,$82.68,857895,$83.20,$83.345,$82.25
07/02/2024,$82.74,2222305,$82.68,$82.79,$81.12
07/01/2024,$82.74,1715488,$84.25,$84.3999,$82.67
06/28/2024,$84.08,5214862,$83.45,$84.10,$83.08
06/27/2024,$83.45,2295174,$84.07,$84.45,$83.03
06/26/2024,$84.07,1511400,$84.12,$84.99,$83.78
06/25/2024,$85.16,1432175,$84.67,$85.79,$84.59
06/24/2024,$84.95,1736639,$85.05,$85.49,$84.37
06/21/2024,$84.85,3053405,$82.65,$85.00,$82.33
06/20/2024,$82.49,2293371,$84.24,$84.80,$82.42
06/18/2024,$84.68,1450574,$86.50,$87.235,$84.59
06/17/2024,$87.11,963535,$86.56,$87.94,$86.56
06/14/2024,$86.76,904418,$86.02,$86.87,$85.113
06/13/2024,$86.17,979606,$86.41,$86.53,$85.10
06/12/2024,$86.44,1233648,$87.56,$88.25,$86.12
06/11/2024,$86.92,1102826,$85.50,$87.05,$84.74
06/10/2024,$85.49,1725912,$85.34,$86.15,$84.41
06/07/2024,$85.84,1466235,$85.86,$86.22,$85.08
06/06/2024,$86.05,1439310,$85.39,$86.53,$85.39
06/05/2024,$85.31,1417221,$86.00,$86.32,$85.01
06/04/2024,$86.23,1755085,$87.01,$87.38,$85.94
06/03/2024,$87.35,1110215,$88.26,$88.5719,$86.96
05/31/2024,$88.29,3254718,$85.77,$88.34,$85.77
05/30/2024,$85.63,1165890,$85.39,$86.83,$85.20
05/29/2024,$85.36,1678304,$87.82,$87.925,$85.33
05/28/2024,$88.40,1632611,$88.85,$89.23,$88.095
05/24/2024,$89.21,1698289,$87.99,$89.51,$87.61
05/23/2024,$87.74,2244682,$88.78,$88.89,$87.57
05/22/2024,$88.77,2383945,$86.80,$89.13,$86.5501
05/21/2024,$87.23,2015889,$86.79,$87.74,$85.81
05/20/2024,$86.67,1185133,$86.85,$87.39,$85.81
05/17/2024,$86.77,1219909,$87.06,$87.21,$85.92
05/16/2024,$86.96,1432340,$86.01,$87.19,$85.71
05/15/2024,$86.07,1476868,$86.18,$86.33,$84.50
05/14/2024,$85.58,2210899,$85.13,$86.10,$84.9231
05/13/2024,$85.10,2105709,$85.51,$86.27,$84.83
05/10/2024,$85.16,1542661,$84.13,$85.30,$83.9025
05/09/2024,$83.83,1651224,$83.31,$84.10,$82.37
05/08/2024,$83.16,1740013,$85.11,$85.25,$82.42
05/07/2024,$85.10,1561346,$84.73,$85.84,$84.56
05/06/2024,$84.41,1555943,$85.15,$85.425,$83.72
05/03/2024,$85.08,1686348,$85.00,$85.75,$84.2951
05/02/2024,$84.48,2070423,$82.48,$84.64,$82.12
05/01/2024,$82.22,2678319,$82.79,$83.055,$81.315
04/30/2024,$83.34,2294189,$84.12,$84.42,$82.565
04/29/2024,$84.67,1661408,$84.16,$85.13,$83.46
04/26/2024,$83.85,2462698,$83.16,$85.15,$83.16
04/25/2024,$83.50,2079518,$84.50,$85.23,$83.35
04/24/2024,$84.52,3187686,$83.45,$84.75,$82.99
04/23/2024,$83.72,1932164,$82.19,$83.94,$82.05
04/22/2024,$82.12,1949615,$81.00,$82.50,$80.84
04/19/2024,$81.00,2441843,$80.25,$82.48,$79.96
04/18/2024,$80.29,2580977,$80.68,$80.77,$79.14
04/17/2024,$80.36,3006480,$82.19,$82.75,$80.33
04/16/2024,$82.06,3177103,$79.99,$82.27,$79.3701
04/15/2024,$79.95,2649353,$80.12,$80.6278,$78.67
04/12/2024,$79.77,3513722,$80.78,$81.48,$79.07
04/11/2024,$81.36,5103811,$80.33,$82.20,$79.975
04/10/2024,$79.86,4440814,$79.80,$80.92,$78.285
04/09/2024,$80.44,5576831,$78.00,$81.28,$77.9613
04/08/2024,$77.80,5986391,$79.33,$80.43,$77.41
04/05/2024,$79.78,9800082,$82.01,$82.607,$78.761
04/04/2024,$81.53,23227130,$88.53,$89.48,$80.02
04/03/2024,$101.12,3640828,$103.24,$103.49,$100.43
04/02/2024,$103.81,1609027,$104.84,$105.31,$102.525
04/01/2024,$104.98,2540867,$103.57,$105.55,$102.76
03/28/2024,$106.53,1407860,$106.70,$107.50,$106.005
03/27/2024,$106.30,1775987,$106.20,$107.32,$105.85
03/26/2024,$105.60,2653349,$103.07,$105.68,$102.76
03/25/2024,$102.65,1440396,$103.10,$104.65,$102.61
03/22/2024,$103.17,2479327,$102.70,$104.32,$102.62
03/21/2024,$102.74,1219681,$102.93,$103.61,$102.17
03/20/2024,$103.18,1762752,$104.06,$104.69,$101.85
03/19/2024,$103.79,1082979,$102.85,$103.875,$102.44
03/18/2024,$102.86,1289946,$101.60,$103.57,$100.56
03/15/2024,$102.06,1325306,$100.46,$102.445,$100.46
03/14/2024,$101.33,1012640,$102.83,$103.25,$100.64
03/13/2024,$102.94,1081205,$103.10,$103.91,$102.22
03/12/2024,$103.10,1352360,$102.44,$103.55,$101.78
03/11/2024,$102.20,1563822,$101.38,$103.225,$100.65
03/08/2024,$101.19,1436479,$99.65,$101.27,$98.60
03/07/2024,$99.73,1854955,$102.60,$102.9181,$99.27
03/06/2024,$102.44,1110014,$103.37,$103.58,$101.95
03/05/2024,$103.15,1257028,$102.20,$104.01,$101.795
03/04/2024,$102.24,1085891,$102.00,$102.345,$100.845
03/01/2024,$102.05,1886306,$101.91,$103.76,$101.45
02/29/2024,$102.21,2199938,$101.49,$102.54,$100.80
02/28/2024,$100.98,723994,$100.79,$101.46,$100.28
02/27/2024,$100.82,937422,$101.67,$102.52,$100.79
02/26/2024,$102.05,780132,$102.94,$103.54,$101.99
02/23/2024,$102.67,794230,$104.00,$104.35,$102.67
02/22/2024,$103.76,2195994,$102.02,$105.11,$101.34
02/21/2024,$101.84,1396231,$102.16,$102.655,$101.16
02/20/2024,$102.16,1499894,$101.34,$103.45,$100.80
02/16/2024,$101.23,2034356,$103.45,$103.45,$100.67
02/15/2024,$103.52,1228851,$103.48,$103.73,$102.13
02/14/2024,$102.85,1509407,$103.60,$104.04,$101.20
02/13/2024,$103.60,2282842,$100.73,$103.81,$100.73
02/12/2024,$101.14,883293,$100.50,$101.8903,$100.20
02/09/2024,$100.83,905285,$100.76,$101.17,$99.56
02/08/2024,$100.88,1263445,$100.22,$102.14,$100.00
02/07/2024,$100.19,1767819,$101.13,$101.74,$99.2763
02/06/2024,$101.06,1567344,$104.03,$104.35,$100.69
02/05/2024,$104.13,1493010,$105.68,$105.99,$103.78
02/02/2024,$106.10,1496911,$106.02,$106.90,$104.9849
02/01/2024,$105.44,2020209,$102.66,$105.50,$102.305
01/31/2024,$102.44,2725686,$103.44,$103.61,$101.81
01/30/2024,$103.51,1408565,$105.07,$105.49,$103.26
01/29/2024,$104.93,1218840,$104.73,$105.59,$104.29
01/26/2024,$104.19,1941543,$105.38,$105.545,$102.89
01/25/2024,$105.04,2118976,$106.14,$106.86,$102.4501
01/24/2024,$105.85,1334615,$109.34,$109.41,$105.79
01/23/2024,$109.56,846899,$109.99,$110.46,$108.96
01/22/2024,$109.70,1262421,$109.27,$110.02,$108.305
01/19/2024,$109.24,1235764,$110.42,$110.61,$108.17
01/18/2024,$109.74,1396322,$110.01,$110.14,$108.64
01/17/2024,$109.99,1619363,$107.71,$110.13,$107.69
01/16/2024,$108.32,1037135,$106.95,$108.34,$106.95
01/12/2024,$107.15,744155,$107.615,$108.11,$106.65
01/11/2024,$107.17,995208,$107.39,$107.79,$105.73
01/10/2024,$107.18,990875,$107.53,$108.18,$106.41
01/09/2024,$107.41,1122668,$106.52,$107.69,$106.28
01/08/2024,$107.38,1604405,$106.18,$107.94,$105.75
01/05/2024,$106.02,2436852,$104.83,$108.00,$104.83
01/04/2024,$105.26,5531514,$106.82,$111.875,$105.0201
01/03/2024,$104.93,3212056,$106.97,$107.22,$103.75
01/02/2024,$106.56,2698197,$107.67,$108.155,$105.85
12/29/2023,$108.09,925613,$108.15,$108.78,$107.98
12/28/2023,$108.13,912057,$107.41,$108.62,$107.41
12/27/2023,$107.51,1080208,$106.59,$107.90,$106.3475
12/26/2023,$106.51,1027933,$104.33,$106.67,$104.19
12/22/2023,$104.70,889995,$104.22,$106.06,$103.86
12/21/2023,$103.96,1005737,$104.03,$104.61,$103.13
12/20/2023,$103.41,1489006,$105.11,$105.48,$103.1201
12/19/2023,$105.92,1668894,$107.24,$108.565,$105.77
12/18/2023,$107.25,1540487,$104.47,$107.46,$104.26
12/15/2023,$104.33,1974031,$103.73,$104.45,$103.03
12/14/2023,$104.37,1261558,$106.02,$106.38,$104.35
12/13/2023,$106.07,1118674,$103.37,$106.29,$103.09
12/12/2023,$103.54,1411405,$103.26,$103.77,$102.66
12/11/2023,$102.61,1449806,$101.22,$102.83,$100.83
12/08/2023,$100.96,899161,$101.01,$101.54,$100.24
12/07/2023,$101.00,1615833,$100.91,$101.915,$100.04
12/06/2023,$101.00,930417,$100.60,$101.545,$100.38
12/05/2023,$100.62,1499344,$102.19,$102.415,$100.23
12/04/2023,$102.46,1941113,$100.57,$102.715,$100.57
12/01/2023,$100.92,1669646,$99.87,$101.07,$99.50
11/30/2023,$100.03,2878951,$97.38,$100.12,$97.14
11/29/2023,$97.53,1258401,$98.24,$98.99,$97.07
11/28/2023,$98.44,1255063,$99.67,$99.87,$98.28
11/27/2023,$99.68,1127862,$99.16,$100.07,$98.745
11/24/2023,$99.21,390192,$98.90,$99.27,$98.52
11/22/2023,$98.89,792033,$98.42,$99.05,$97.92
11/21/2023,$98.14,1551258,$97.69,$98.61,$96.98
11/20/2023,$97.33,2189691,$95.77,$97.64,$95.49
11/17/2023,$95.80,2723086,$96.13,$96.25,$94.37
11/16/2023,$95.70,1318246,$94.69,$95.97,$94.39
11/15/2023,$94.83,1477939,$95.97,$97.11,$94.75
11/14/2023,$95.88,1194514,$96.49,$96.71,$95.04
11/13/2023,$96.12,2212540,$93.71,$97.61,$93.71
11/10/2023,$94.07,1344500,$94.68,$95.00,$93.76
11/09/2023,$94.36,1496447,$94.49,$94.87,$93.75
11/08/2023,$94.37,2088593,$93.65,$95.92,$93.6238
11/07/2023,$93.42,1057292,$94.18,$94.655,$93.38
11/06/2023,$94.18,1696592,$93.92,$95.42,$93.70
11/03/2023,$94.09,1366850,$94.27,$95.67,$94.01
11/02/2023,$93.71,2293125,$91.21,$94.20,$91.21
11/01/2023,$90.96,1965469,$89.94,$91.91,$89.77
10/31/2023,$89.80,1293897,$89.96,$90.23,$89.07
10/30/2023,$89.52,1420409,$89.38,$90.09,$89.19
10/27/2023,$88.88,2126842,$88.76,$90.13,$88.34
10/26/2023,$88.78,2022311,$89.01,$89.96,$88.07
10/25/2023,$88.81,2753211,$88.33,$89.83,$88.29
10/24/2023,$88.79,3260321,$87.48,$89.17,$87.25
10/23/2023,$87.17,2264734,$87.44,$87.91,$86.20
10/20/2023,$87.50,2037280,$87.44,$88.01,$86.86
10/19/2023,$87.49,2843599,$86.17,$88.73,$85.55
10/18/2023,$86.53,2200090,$86.79,$88.42,$85.72
10/17/2023,$86.91,3102028,$85.13,$88.09,$84.62
10/16/2023,$84.64,2378229,$83.94,$84.99,$83.28
10/13/2023,$83.18,4950481,$84.11,$84.61,$81.255
10/12/2023,$84.10,7107826,$91.94,$91.94,$83.57
10/11/2023,$91.84,3401712,$96.25,$96.42,$91.32
10/10/2023,$96.37,3997263,$92.56,$97.09,$92.41
10/09/2023,$92.70,3080577,$92.85,$93.68,$89.57
10/06/2023,$93.47,4835860,$97.39,$97.84,$93.08
10/05/2023,$97.75,7554551,$101.58,$101.8122,$97.53
10/04/2023,$90.49,3074861,$89.61,$90.50,$88.74
10/03/2023,$89.61,3229223,$91.60,$92.11,$88.80
10/02/2023,$92.23,2586239,$92.27,$92.80,$91.70
09/29/2023,$92.46,2629700,$92.13,$92.94,$91.721
09/28/2023,$92.19,1954312,$91.55,$92.48,$90.80
09/27/2023,$91.38,1677433,$92.56,$92.91,$91.07
09/26/2023,$92.35,2364787,$93.63,$94.36,$92.33
09/25/2023,$94.11,1399551,$93.91,$95.06,$93.43
09/22/2023,$94.05,1722642,$95.44,$95.90,$93.955
09/21/2023,$95.73,1362788,$97.54,$97.73,$95.69
09/20/2023,$98.13,1444849,$97.64,$98.55,$96.65
09/19/2023,$97.24,1346557,$98.83,$99.04,$96.93
09/18/2023,$99.10,775308,$99.75,$99.75,$98.75
09/15/2023,$99.59,1908484,$99.87,$100.35,$99.51
09/14/2023,$99.81,963228,$99.10,$100.395,$98.70
09/13/2023,$99.09,1658498,$97.81,$99.40,$97.74
09/12/2023,$97.62,898108,$98.57,$98.74,$97.15
09/11/2023,$98.92,1217271,$98.71,$99.51,$98.45
09/08/2023,$98.40,1553717,$98.25,$98.70,$97.85
09/07/2023,$98.38,1947198,$96.90,$98.83,$96.90
09/06/2023,$96.73,1098359,$97.03,$97.96,$96.10
09/05/2023,$96.86,2059437,$98.00,$99.56,$96.86
09/01/2023,$97.28,1158941,$97.50,$97.92,$96.59
08/31/2023,$97.41,1094674,$97.79,$98.26,$97.37
08/30/2023,$97.60,1260590,$97.00,$99.09,$97.00
08/29/2023,$96.70,1122413,$96.85,$96.96,$96.21
08/28/2023,$96.41,1106839,$96.50,$97.22,$95.995
08/25/2023,$96.35,794773,$96.32,$96.745,$95.44
08/24/2023,$95.71,1217150,$96.77,$96.94,$95.645
08/23/2023,$96.65,1497722,$96.57,$96.74,$95.34
08/22/2023,$96.27,1785474,$94.29,$96.70,$94.03
08/21/2023,$94.49,1474965,$94.66,$95.08,$93.945
08/18/2023,$94.75,1303970,$93.00,$94.90,$93.00
08/17/2023,$93.29,1776642,$94.85,$94.92,$93.13
08/16/2023,$94.64,1301839,$95.97,$96.30,$94.32
08/15/2023,$95.99,1215191,$96.65,$96.87,$95.39
08/14/2023,$97.20,1454810,$97.26,$98.13,$96.38
08/11/2023,$96.78,2334567,$98.34,$98.34,$96.18
08/10/2023,$97.99,2185092,$99.48,$100.55,$97.47
08/09/2023,$99.33,1698638,$100.75,$100.795,$98.95
08/08/2023,$100.42,1598234,$103.13,$103.245,$100.29
08/07/2023,$103.10,1344773,$102.44,$103.61,$102.21
08/04/2023,$101.94,1415507,$103.41,$104.72,$101.84
08/03/2023,$102.21,1151516,$101.67,$103.35,$101.52
08/02/2023,$102.41,1512883,$103.23,$103.36,$101.865
08/01/2023,$103.17,1528290,$103.66,$103.80,$102.28
07/31/2023,$103.63,2059683,$102.08,$104.19,$101.32
07/28/2023,$102.08,2532461,$102.81,$103.14,$100.64
07/27/2023,$102.20,3300425,$101.90,$104.19,$101.81
07/26/2023,$101.76,4358827,$105.55,$107.33,$100.95
07/25/2023,$105.00,6416770,$113.43,$117.3822,$102.67
07/24/2023,$112.69,1406729,$112.94,$113.005,$111.29
07/21/2023,$112.96,864572,$113.53,$113.64,$112.84
07/20/2023,$113.28,879829,$112.76,$113.50,$112.22
07/19/2023,$112.37,1089884,$112.00,$112.86,$111.78
07/18/2023,$112.04,834797,$113.36,$113.36,$111.795
07/17/2023,$113.00,803876,$112.50,$113.61,$112.39
07/14/2023,$112.71,807114,$112.25,$112.75,$111.24
07/13/2023,$112.03,752033,$112.65,$112.90,$111.63
07/12/2023,$112.39,1367179,$110.72,$112.795,$110.41
07/11/2023,$110.51,1933415,$112.26,$112.63,$109.73
07/10/2023,$112.24,1045851,$112.76,$113.93,$112.12
07/07/2023,$112.62,730353,$114.44,$114.44,$112.52
07/06/2023,$114.41,721733,$113.77,$114.53,$113.34
07/05/2023,$114.30,851440,$114.64,$115.00,$113.58
07/03/2023,$115.12,673375,$113.97,$115.85,$113.56
06/30/2023,$114.95,1231363,$114.38,$115.01,$113.53
06/29/2023,$113.89,892272,$112.81,$114.00,$112.275
06/28/2023,$113.11,1431649,$113.53,$113.53,$111.515
06/27/2023,$114.30,856236,$115.00,$115.42,$113.71
06/26/2023,$114.66,763335,$114.58,$114.89,$113.48
06/23/2023,$114.69,2093999,$115.03,$116.00,$114.3924
06/22/2023,$115.00,868243,$113.57,$115.03,$113.57
06/21/2023,$113.36,1267143,$113.52,$113.6425,$112.70
06/20/2023,$113.30,1795725,$114.80,$115.12,$113.28
06/16/2023,$114.34,1529714,$115.00,$115.47,$114.07
06/15/2023,$114.74,737070,$115.35,$115.35,$113.63
06/14/2023,$115.00,712956,$115.35,$115.52,$114.43
06/13/2023,$115.05,1231560,$113.16,$115.16,$113.06
06/12/2023,$113.47,820048,$113.82,$113.86,$112.68
06/09/2023,$113.62,665896,$113.01,$114.50,$113.01
06/08/2023,$113.40,909958,$111.46,$113.8125,$111.12
06/07/2023,$111.81,911149,$112.97,$113.16,$111.71
06/06/2023,$113.49,989587,$114.61,$114.80,$111.93
06/05/2023,$114.47,803822,$112.92,$115.00,$112.87
06/02/2023,$113.27,1019794,$112.59,$113.72,$112.02
06/01/2023,$112.07,1124274,$111.02,$112.62,$110.725
05/31/2023,$111.20,4659208,$109.63,$111.31,$109.38
05/30/2023,$109.28,1330569,$108.87,$110.33,$108.79
05/26/2023,$109.45,1170064,$108.63,$110.09,$108.53
05/25/2023,$108.94,1508236,$109.09,$109.66,$107.95
05/24/2023,$109.31,1028303,$109.14,$109.98,$108.4847
05/23/2023,$109.87,1397475,$111.20,$111.31,$109.195
05/22/2023,$111.75,1234095,$114.41,$115.305,$111.67
05/19/2023,$114.48,2567553,$114.13,$115.04,$113.50
05/18/2023,$113.84,1096339,$113.21,$113.99,$112.645
05/17/2023,$113.62,1000722,$113.79,$114.12,$112.75
05/16/2023,$113.64,1000179,$113.97,$114.54,$113.20
05/15/2023,$113.89,958394,$114.59,$114.885,$113.745
05/12/2023,$114.28,1060160,$113.00,$114.475,$112.93
05/11/2023,$113.06,739089,$111.32,$113.16,$110.81
05/10/2023,$111.62,779294,$112.35,$112.76,$110.90
05/09/2023,$112.18,913600,$112.22,$112.885,$111.735
05/08/2023,$112.16,506323,$111.56,$112.515,$111.22
05/05/2023,$112.09,818991,$110.84,$112.43,$110.84
05/04/2023,$111.16,789928,$111.20,$111.70,$110.65
05/03/2023,$111.56,1075594,$112.81,$113.03,$111.46
05/02/2023,$111.42,757091,$112.00,$112.00,$110.42
05/01/2023,$112.19,850542,$111.93,$112.70,$111.90
04/28/2023,$111.81,782316,$111.05,$111.88,$110.52
04/27/2023,$111.60,1009024,$109.89,$111.63,$109.50
04/26/2023,$110.25,1517989,$109.60,$111.09,$109.4402
04/25/2023,$109.79,1166413,$110.00,$111.54,$109.72
04/24/2023,$109.83,938549,$110.27,$110.6674,$109.20
04/21/2023,$110.35,1256523,$110.51,$110.92,$110.05
04/20/2023,$110.18,1006433,$108.96,$110.20,$108.90
04/19/2023,$108.95,1088964,$109.90,$110.36,$108.70
04/18/2023,$109.65,1456692,$109.50,$109.75,$108.40
04/17/2023,$109.47,1314711,$109.10,$109.90,$108.93
04/14/2023,$108.71,1390934,$109.00,$109.44,$108.265
04/13/2023,$109.47,1457461,$108.12,$109.50,$107.95
04/12/2023,$108.17,1541128,$107.72,$109.52,$107.08
04/11/2023,$108.04,1720879,$107.26,$108.40,$106.18
04/10/2023,$107.29,1937853,$107.69,$107.85,$105.97
04/06/2023,$106.86,3981738,$106.00,$109.70,$105.03
04/05/2023,$104.17,2168228,$103.89,$104.6622,$103.37
04/04/2023,$103.58,1987048,$104.46,$104.50,$102.30
04/03/2023,$104.22,1361130,$104.46,$104.99,$103.50
03/31/2023,$104.52,1448636,$103.39,$104.59,$103.06
03/30/2023,$102.86,1197182,$102.52,$103.36,$101.90
03/29/2023,$102.57,1170310,$102.30,$103.385,$102.2829
03/28/2023,$101.68,1053265,$102.00,$102.44,$101.46
03/27/2023,$101.68,1248724,$100.95,$102.24,$100.45
03/24/2023,$100.19,1532081,$98.80,$100.38,$98.45
03/23/2023,$98.78,1123520,$99.80,$100.15,$98.04
03/22/2023,$99.71,1528881,$99.99,$100.605,$99.1376
03/21/2023,$99.65,1335887,$100.00,$100.50,$99.045
03/20/2023,$99.08,1537948,$97.80,$99.48,$97.37
03/17/2023,$97.31,2661211,$97.82,$97.99,$97.06
03/16/2023,$98.29,1079568,$97.60,$98.62,$96.93
03/15/2023,$97.99,1515268,$97.57,$98.01,$96.45
03/14/2023,$98.62,1369859,$97.24,$98.72,$96.89
03/13/2023,$96.31,1295884,$97.00,$98.34,$96.05
03/10/2023,$97.63,1514410,$99.12,$99.615,$97.17
03/09/2023,$99.20,1504998,$100.40,$100.40,$98.93
03/08/2023,$99.93,1441736,$101.21,$101.355,$99.22
03/07/2023,$100.97,1539318,$102.18,$102.49,$100.93
03/06/2023,$101.99,1365571,$101.79,$102.27,$100.72
03/03/2023,$101.98,872523,$102.09,$102.38,$101.565
03/02/2023,$102.30,913212,$101.18,$102.77,$100.6101
03/01/2023,$100.89,1270471,$100.40,$101.0599,$99.92
02/28/2023,$100.64,1264578,$101.00,$101.37,$100.50
02/27/2023,$101.03,1138922,$100.28,$101.05,$99.965
02/24/2023,$99.98,713919,$99.90,$100.345,$99.01
02/23/2023,$100.33,984263,$101.63,$102.48,$100.05
02/22/2023,$101.30,1854619,$100.69,$102.2199,$100.69
02/21/2023,$100.33,984861,$100.58,$100.855,$99.605
02/17/2023,$100.48,1300141,$100.16,$100.97,$100.03
02/16/2023,$100.01,1477077,$99.33,$100.49,$98.38
02/15/2023,$100.11,1761169,$99.11,$100.28,$98.52
02/14/2023,$99.27,935970,$99.65,$99.9307,$98.58
02/13/2023,$99.59,813522,$99.68,$99.98,$99.02
02/10/2023,$99.27,1089295,$98.00,$99.30,$97.75
02/09/2023,$98.12,1230335,$99.25,$100.10,$98.00
02/08/2023,$98.99,935952,$98.86,$99.35,$98.54
02/07/2023,$99.06,1107444,$98.54,$99.18,$97.82
02/06/2023,$99.14,996997,$98.12,$99.90,$98.07
02/03/2023,$98.12,1292195,$97.19,$98.7479,$96.48
02/02/2023,$97.08,1533299,$98.34,$98.39,$96.45
02/01/2023,$99.60,1392618,$99.51,$100.225,$99.06
01/31/2023,$99.89,1696390,$99.01,$100.08,$98.665
01/30/2023,$98.55,781576,$98.49,$98.95,$98.07
01/27/2023,$98.31,939428,$98.97,$99.0075,$97.39
01/26/2023,$98.75,1261004,$98.14,$98.81,$97.015
01/25/2023,$97.76,957759,$96.55,$97.79,$96.45
01/24/2023,$96.98,937737,$96.61,$98.13,$95.66
01/23/2023,$96.13,2006947,$97.17,$97.335,$95.97
01/20/2023,$96.56,1934738,$96.29,$96.75,$95.17
01/19/2023,$95.64,1080845,$96.85,$97.16,$95.59
01/18/2023,$97.09,1548086,$99.68,$99.72,$96.47
01/17/2023,$99.99,1708480,$99.20,$100.77,$99.01
01/13/2023,$98.16,995196,$97.35,$98.35,$96.51
01/12/2023,$97.06,1116241,$97.54,$98.12,$96.50
01/11/2023,$97.24,1591075,$98.39,$98.91,$96.09
01/10/2023,$98.05,1304806,$99.04,$99.66,$97.67
01/09/2023,$98.66,1710117,$98.90,$100.16,$98.34
01/06/2023,$99.61,3048927,$97.84,$100.22,$96.92
01/05/2023,$96.03,5677744,$94.87,$96.87,$93.52
01/04/2023,$87.48,1946403,$87.25,$87.81,$86.24
01/03/2023,$87.25,1990094,$89.21,$89.29,$86.555
12/30/2022,$89.36,931803,$88.60,$89.54,$88.04
12/29/2022,$88.94,1148904,$89.19,$89.85,$88.69
12/28/2022,$88.93,1078648,$90.30,$90.60,$88.855
12/27/2022,$90.01,1202417,$89.94,$90.205,$89.33
12/23/2022,$89.63,1028724,$88.58,$89.63,$88.35
12/22/2022,$88.58,1133137,$88.04,$88.76,$87.33
12/21/2022,$88.65,713879,$87.88,$89.105,$87.7967
12/20/2022,$87.73,1366209,$87.11,$88.25,$86.635
12/19/2022,$87.11,1376540,$87.16,$88.78,$86.82
12/16/2022,$86.99,2815207,$85.48,$87.31,$85.41
12/15/2022,$86.15,1234304,$86.78,$87.38,$85.37
12/14/2022,$87.08,1550339,$86.30,$87.14,$85.78
12/13/2022,$86.14,1295889,$86.49,$86.95,$85.65
12/12/2022,$86.01,1342536,$85.70,$86.495,$85.14
12/09/2022,$85.58,1380341,$86.50,$87.00,$85.58
12/08/2022,$86.50,934361,$87.17,$87.66,$86.11
12/07/2022,$87.07,1386787,$86.41,$87.325,$86.11
12/06/2022,$86.29,1265361,$87.68,$88.6327,$85.69
12/05/2022,$87.68,1889036,$87.14,$87.81,$86.14
12/02/2022,$87.73,1073966,$86.02,$87.75,$85.40
12/01/2022,$86.51,1819869,$86.91,$87.69,$86.26
11/30/2022,$86.90,8139996,$85.16,$87.18,$84.74
11/29/2022,$85.05,1278320,$85.40,$86.40,$84.54
11/28/2022,$85.47,1243380,$85.60,$86.83,$85.21
11/25/2022,$86.15,493827,$86.08,$86.76,$85.629
11/23/2022,$86.40,575082,$86.55,$86.855,$85.87
11/22/2022,$86.18,944481,$86.68,$87.145,$85.11
11/21/2022,$86.17,1475909,$84.09,$86.28,$84.09
11/18/2022,$84.02,1291175,$83.80,$84.6784,$83.33
11/17/2022,$82.82,1010404,$82.40,$83.62,$82.24
11/16/2022,$82.71,1333333,$81.47,$84.06,$81.47
11/15/2022,$81.29,3062470,$80.99,$81.3326,$79.39
11/14/2022,$80.11,1857181,$81.77,$82.51,$80.08
11/11/2022,$81.84,2899755,$84.21,$84.51,$79.92
11/10/2022,$84.63,1619670,$85.13,$85.60,$82.60
11/09/2022,$83.25,1227139,$84.11,$84.51,$82.935
11/08/2022,$85.18,1817697,$85.20,$85.99,$84.19
11/07/2022,$85.07,651210,$85.35,$86.0367,$84.8851
11/04/2022,$85.46,934068,$85.46,$86.42,$84.64
11/03/2022,$84.86,1195211,$85.75,$86.66,$84.81
11/02/2022,$86.17,1614645,$85.97,$88.04,$85.80
11/01/2022,$86.18,1200411,$86.27,$86.84,$85.78
10/31/2022,$86.22,1750965,$85.40,$87.39,$84.88
10/28/2022,$85.47,980210,$85.14,$85.88,$84.51
10/27/2022,$84.85,1999684,$84.27,$85.07,$83.84
10/26/2022,$84.02,2300499,$84.74,$85.49,$83.82
10/25/2022,$84.63,1495615,$82.70,$85.495,$82.70
10/24/2022,$82.73,2065652,$82.22,$83.71,$82.22
10/21/2022,$81.72,1480724,$82.98,$83.215,$80.66
10/20/2022,$82.68,1526726,$84.31,$84.705,$82.61
10/19/2022,$83.87,1522385,$85.09,$85.72,$83.225
10/18/2022,$85.28,1578323,$85.47,$86.48,$84.86
10/17/2022,$84.55,1665690,$85.28,$85.35,$83.83
10/14/2022,$83.99,1309497,$84.58,$85.77,$83.53
10/13/2022,$84.85,1792912,$81.66,$85.90,$81.24
10/12/2022,$82.88,1362890,$81.53,$83.50,$80.93
10/11/2022,$81.35,2031338,$82.95,$83.27,$81.03
10/10/2022,$82.93,1220772,$83.29,$83.61,$81.64
10/07/2022,$82.79,1777629,$82.46,$82.89,$81.125
10/06/2022,$82.73,2526679,$82.35,$84.45,$82.10
10/05/2022,$82.15,5416782,$81.00,$83.65,$80.30
10/04/2022,$78.85,3037865,$77.47,$79.56,$77.47
10/03/2022,$76.63,3357904,$77.97,$78.36,$76.56
09/30/2022,$77.38,1761821,$78.02,$78.79,$77.29
09/29/2022,$78.08,1260157,$78.82,$79.38,$77.455
09/28/2022,$79.00,1757838,$77.59,$79.34,$76.73
09/27/2022,$77.17,1878672,$78.31,$79.07,$76.205
09/26/2022,$77.67,1782296,$77.36,$79.04,$77.19
09/23/2022,$77.55,2057679,$77.00,$77.67,$76.49
09/22/2022,$77.83,2081602,$77.94,$78.23,$76.50
09/21/2022,$77.94,1439134,$77.92,$79.70,$77.7401
09/20/2022,$77.56,1795519,$77.73,$78.31,$77.00
09/19/2022,$78.03,1211672,$76.41,$78.33,$76.12
09/16/2022,$76.56,2384485,$77.22,$77.25,$75.07
09/15/2022,$77.62,1634751,$76.10,$78.16,$75.52
09/14/2022,$75.75,1685262,$77.09,$77.165,$74.91
09/13/2022,$77.15,1201758,$79.17,$79.17,$76.92
09/12/2022,$80.06,1229796,$79.69,$80.29,$79.51
09/09/2022,$79.50,771796,$79.77,$80.30,$79.18
09/08/2022,$79.45,715473,$79.39,$80.00,$78.48
09/07/2022,$80.11,860232,$78.00,$80.44,$77.96
09/06/2022,$77.99,2494570,$78.54,$78.78,$77.43
09/02/2022,$78.23,1017698,$80.05,$80.11,$77.78
09/01/2022,$79.52,1084691,$79.29,$79.55,$77.82
08/31/2022,$79.53,1623641,$80.08,$80.54,$79.14
08/30/2022,$79.78,1153155,$80.78,$80.78,$78.87
08/29/2022,$80.42,1341770,$80.06,$81.045,$79.63
08/26/2022,$80.72,597975,$82.80,$82.88,$80.71
08/25/2022,$82.58,914555,$82.62,$82.90,$81.84
08/24/2022,$82.40,719625,$81.96,$82.50,$81.50
08/23/2022,$81.59,890291,$81.25,$82.00,$81.1324
08/22/2022,$81.26,1076458,$81.25,$81.81,$80.7672
08/19/2022,$81.94,604812,$81.79,$82.145,$81.47
08/18/2022,$82.07,830457,$82.01,$82.34,$81.41
08/17/2022,$82.20,927076,$82.26,$82.475,$81.56
08/16/2022,$82.65,1062011,$83.07,$83.24,$82.2373
08/15/2022,$83.25,808650,$81.62,$83.29,$81.275
08/12/2022,$81.67,1082388,$80.65,$81.72,$80.55
08/11/2022,$80.31,849989,$81.12,$81.59,$80.21
08/10/2022,$80.65,1306706,$80.47,$81.21,$79.93
08/09/2022,$79.40,1749517,$80.19,$80.27,$79.055
08/08/2022,$80.00,1164972,$81.36,$81.73,$79.96
08/05/2022,$81.26,1166932,$79.97,$81.49,$79.96
08/04/2022,$80.63,1070829,$81.21,$81.685,$80.08
08/03/2022,$81.75,996362,$81.65,$82.26,$81.51
08/02/2022,$81.36,1114097,$80.81,$81.45,$79.68
08/01/2022,$80.60,1577852,$79.33,$81.28,$78.97
07/29/2022,$79.66,1976576,$80.00,$81.17,$79.21
07/28/2022,$80.15,2890431,$77.45,$80.665,$77.25
07/27/2022,$77.14,2633635,$74.48,$77.39,$74.00
07/26/2022,$75.15,1510267,$74.48,$75.34,$74.055
07/25/2022,$74.86,1934848,$74.83,$75.70,$74.54
07/22/2022,$74.95,763167,$75.63,$75.92,$74.67
07/21/2022,$75.17,889828,$74.34,$75.70,$73.89
07/20/2022,$74.61,845662,$74.58,$75.52,$73.61
07/19/2022,$74.67,1670877,$74.02,$74.96,$73.83
07/18/2022,$73.15,891064,$74.05,$75.26,$73.075
07/15/2022,$73.60,1046435,$74.60,$74.8171,$72.74
07/14/2022,$73.95,1260032,$71.88,$74.09,$71.51
07/13/2022,$73.18,1938557,$73.25,$73.90,$72.45
07/12/2022,$74.17,1602444,$74.74,$76.15,$73.98
07/11/2022,$74.63,1011360,$74.68,$75.24,$74.43
07/08/2022,$74.94,1310425,$75.25,$76.20,$74.82
07/07/2022,$74.78,1615516,$73.61,$75.28,$73.60
07/06/2022,$73.53,1880607,$73.67,$74.69,$72.82
07/05/2022,$73.40,1381352,$71.25,$73.65,$70.99
07/01/2022,$71.66,1477717,$71.50,$72.20,$70.60
06/30/2022,$71.46,1587337,$71.21,$72.20,$70.70
06/29/2022,$72.03,841591,$71.60,$72.28,$70.9492
06/28/2022,$71.71,1096355,$73.70,$73.98,$71.54
06/27/2022,$72.67,1160161,$71.80,$72.89,$71.37
06/24/2022,$71.91,3622892,$69.82,$72.93,$69.70
06/23/2022,$69.20,1491510,$68.43,$69.60,$67.45
06/22/2022,$68.22,1270463,$66.56,$69.64,$66.36
06/21/2022,$67.09,1463010,$66.53,$67.31,$65.31
06/17/2022,$65.46,2530206,$63.81,$65.64,$63.63
06/16/2022,$63.71,953224,$64.09,$64.11,$62.62
06/15/2022,$65.12,933414,$64.80,$65.97,$64.225
06/14/2022,$64.15,1313595,$65.15,$65.15,$63.435
06/13/2022,$65.15,1507335,$65.26,$65.945,$64.21
06/10/2022,$66.58,1056763,$66.20,$67.26,$66.00
06/09/2022,$67.42,842555,$68.06,$68.67,$67.32
06/08/2022,$68.27,772947,$68.66,$69.27,$68.02
06/07/2022,$69.05,712546,$68.08,$69.38,$68.06
06/06/2022,$68.98,661693,$68.61,$69.28,$67.93
06/03/2022,$68.17,801977,$67.61,$68.745,$67.56
06/02/2022,$68.11,1089320,$66.95,$68.14,$65.98
06/01/2022,$66.57,895838,$67.66,$67.9275,$66.09
05/31/2022,$67.58,1802861,$67.57,$68.35,$66.98
05/27/2022,$67.99,761010,$66.56,$68.115,$66.42
05/26/2022,$65.78,833899,$63.86,$66.12,$63.86
05/25/2022,$63.63,980235,$63.52,$64.105,$62.84
05/24/2022,$63.73,689466,$63.97,$63.975,$62.573
05/23/2022,$63.98,907179,$64.11,$64.99,$63.20
05/20/2022,$63.17,848330,$63.03,$63.18,$61.9451
05/19/2022,$62.42,1192001,$61.65,$63.25,$61.44
05/18/2022,$62.40,1664607,$63.51,$63.99,$61.74
05/17/2022,$64.45,1024406,$64.11,$64.61,$62.91
05/16/2022,$63.52,1048409,$63.47,$64.57,$63.07
05/13/2022,$63.53,1249137,$61.76,$63.5975,$61.76
05/12/2022,$61.44,1098533,$61.01,$62.17,$60.59
05/11/2022,$61.34,1187709,$62.83,$63.75,$61.21
05/10/2022,$62.42,798341,$63.21,$64.55,$61.43
05/09/2022,$62.72,1300284,$62.52,$63.08,$61.40
05/06/2022,$63.15,1030635,$62.91,$63.48,$61.79
05/05/2022,$63.43,1121507,$65.23,$65.27,$62.75
05/04/2022,$65.89,1021247,$66.00,$66.23,$64.11
05/03/2022,$66.05,1050070,$65.91,$66.365,$65.01
05/02/2022,$65.87,1019088,$66.59,$66.98,$64.51
04/29/2022,$66.10,930603,$67.88,$68.48,$65.77
04/28/2022,$67.76,778135,$67.44,$67.98,$66.44
04/27/2022,$66.84,637643,$66.24,$67.78,$66.032
04/26/2022,$66.38,746020,$68.69,$68.705,$66.36
04/25/2022,$69.14,717721,$68.16,$69.28,$66.48
04/22/2022,$68.20,984096,$68.55,$68.98,$68.00
04/21/2022,$68.66,592366,$69.65,$69.765,$68.415
04/20/2022,$69.15,859408,$68.35,$69.44,$67.78
04/19/2022,$68.07,952508,$67.06,$68.70,$66.6838
04/18/2022,$67.16,944125,$68.44,$68.89,$66.89
04/14/2022,$68.71,1427965,$67.69,$69.18,$67.69
04/13/2022,$67.32,747619,$66.06,$67.58,$66.06
04/12/2022,$66.26,908204,$65.88,$67.27,$65.46
04/11/2022,$65.96,1663577,$66.00,$67.49,$65.57
04/08/2022,$66.33,2049389,$65.64,$67.285,$65.35
04/07/2022,$65.26,3190728,$63.15,$66.1981,$63.15
04/06/2022,$60.44,1462562,$59.90,$60.93,$59.40
04/05/2022,$60.29,1254380,$60.38,$60.84,$60.01
04/04/2022,$60.69,1545834,$60.99,$60.99,$59.90
04/01/2022,$61.20,1642309,$60.48,$61.23,$59.64
03/31/2022,$59.91,1653447,$59.46,$60.67,$59.03
03/30/2022,$59.72,1070156,$59.24,$59.73,$59.13
03/29/2022,$59.63,1395872,$59.10,$60.38,$58.90
03/28/2022,$58.01,1053729,$57.47,$58.04,$56.93
03/25/2022,$57.22,1068882,$56.05,$57.37,$55.65
03/24/2022,$55.76,898505,$55.20,$55.78,$54.72
03/23/2022,$54.80,1254190,$55.40,$56.19,$54.56
03/22/2022,$55.72,1151965,$54.52,$55.78,$54.32
03/21/2022,$54.49,1280391,$54.57,$55.54,$54.29
03/18/2022,$54.58,2135081,$53.59,$54.87,$53.30
03/17/2022,$53.49,1318792,$52.76,$53.66,$52.54
03/16/2022,$53.08,1761480,$50.89,$53.09,$50.875
03/15/2022,$50.57,1204132,$49.90,$50.71,$49.90
03/14/2022,$49.96,1556448,$50.57,$51.02,$49.71
03/11/2022,$50.11,1500862,$51.60,$51.81,$50.07
03/10/2022,$51.33,1335924,$52.15,$52.45,$50.91
03/09/2022,$53.32,2195570,$53.71,$55.14,$53.27
03/08/2022,$51.76,2658251,$52.66,$54.02,$50.71
03/07/2022,$52.65,2860478,$57.76,$57.995,$52.07
03/04/2022,$58.02,1985152,$59.86,$60.07,$57.76
03/03/2022,$61.09,1521155,$63.70,$64.12,$60.68
03/02/2022,$63.50,1463335,$63.75,$63.84,$62.68
03/01/2022,$63.75,906477,$66.34,$66.34,$63.47
02/28/2022,$66.43,846655,$66.18,$67.385,$65.89
02/25/2022,$67.84,1179118,$65.09,$67.98,$64.91
02/24/2022,$64.58,1212569,$64.91,$65.00,$62.65
02/23/2022,$66.15,586328,$66.90,$67.32,$66.03
02/22/2022,$66.68,1168479,$66.29,$67.20,$65.66
02/18/2022,$66.50,940637,$65.81,$66.81,$65.715
02/17/2022,$66.13,536282,$66.95,$66.99,$66.06
02/16/2022,$67.13,704608,$66.37,$67.38,$66.18
02/15/2022,$66.79,686269,$65.58,$66.885,$65.56
02/14/2022,$65.38,604003,$66.30,$66.61,$64.90
02/11/2022,$66.25,1091060,$66.55,$67.35,$65.915
02/10/2022,$66.22,1201384,$65.94,$67.68,$65.67
02/09/2022,$66.58,1190929,$65.20,$66.59,$65.1425
02/08/2022,$64.71,883049,$64.50,$65.00,$63.76
02/07/2022,$64.27,1306447,$62.83,$64.61,$62.60
02/04/2022,$62.75,679076,$63.34,$63.68,$62.49
02/03/2022,$63.97,1062348,$63.69,$64.53,$63.40
02/02/2022,$64.29,1075107,$64.38,$64.93,$63.91
02/01/2022,$64.59,1169948,$64.18,$64.77,$63.56
01/31/2022,$64.21,1171896,$63.52,$64.705,$63.36
01/28/2022,$64.04,1246652,$63.26,$64.04,$62.66
01/27/2022,$63.59,895217,$64.46,$65.12,$63.2084
01/26/2022,$63.72,1138525,$64.50,$65.67,$63.355
01/25/2022,$64.00,1359743,$64.16,$64.82,$62.915
01/24/2022,$64.86,1860877,$64.13,$65.04,$62.40
01/21/2022,$64.81,1381444,$65.44,$66.08,$64.46
01/20/2022,$65.33,1232661,$66.86,$67.43,$65.21
01/19/2022,$67.03,1093362,$67.91,$68.11,$66.87
01/18/2022,$67.72,1174024,$68.27,$68.365,$67.28
01/14/2022,$68.93,1189993,$68.40,$69.09,$68.11
01/13/2022,$69.04,1078448,$68.91,$69.4187,$68.72
01/12/2022,$68.83,1460141,$69.57,$69.85,$68.741
01/11/2022,$69.33,1711569,$68.45,$69.60,$68.45
01/10/2022,$68.54,2278697,$70.24,$70.6799,$67.70
01/07/2022,$70.24,3026156,$67.80,$70.675,$67.25
01/06/2022,$67.82,5555920,$69.10,$71.58,$67.0201
01/05/2022,$63.12,1735824,$63.37,$64.155,$62.52
01/04/2022,$63.30,2269085,$63.92,$64.26,$63.16
01/03/2022,$63.92,1689144,$63.41,$63.9525,$63.02
12/31/2021,$63.38,714865,$62.79,$63.65,$62.79
12/30/2021,$63.02,926241,$63.00,$63.77,$62.85
12/29/2021,$62.66,690623,$62.49,$62.71,$61.88
12/28/2021,$62.22,746546,$61.52,$62.57,$61.52
12/27/2021,$61.75,1111582,$61.68,$61.95,$61.07
12/23/2021,$61.75,765037,$61.15,$61.88,$61.04
12/22/2021,$60.95,940137,$60.76,$61.50,$60.60
12/21/2021,$61.18,1880295,$59.58,$61.38,$59.35
12/20/2021,$59.05,2071102,$57.49,$59.25,$57.30
12/17/2021,$58.04,2688993,$56.81,$58.72,$56.37
12/16/2021,$57.22,1849196,$57.49,$58.055,$56.81
12/15/2021,$57.19,1563958,$57.09,$57.50,$56.1884
12/14/2021,$56.89,1154587,$56.85,$57.64,$56.68
12/13/2021,$56.77,1050311,$56.90,$57.51,$56.15
12/10/2021,$57.05,1218244,$57.09,$57.38,$56.63
12/09/2021,$56.71,1243652,$56.64,$56.96,$56.235
12/08/2021,$57.05,1163415,$56.43,$57.225,$56.00
12/07/2021,$56.42,1734824,$55.34,$56.43,$55.02
12/06/2021,$54.84,2596333,$54.95,$56.54,$54.36
12/03/2021,$53.98,2232893,$53.22,$54.58,$52.80
12/02/2021,$53.06,2444669,$51.01,$53.48,$50.53
12/01/2021,$50.24,1837847,$53.04,$54.09,$50.22
11/30/2021,$51.92,10607210,$52.62,$52.88,$51.23
11/29/2021,$53.29,2536383,$53.28,$54.02,$52.18
11/26/2021,$52.75,2269437,$54.54,$54.7177,$52.01
11/24/2021,$55.97,1735990,$56.82,$56.82,$55.6836
11/23/2021,$57.11,2293335,$57.45,$58.61,$56.87
11/22/2021,$57.35,2003325,$56.51,$57.97,$55.84
11/19/2021,$56.37,2210694,$56.92,$57.57,$55.87
11/18/2021,$56.90,2328078,$58.27,$58.61,$55.92
11/17/2021,$58.70,1878947,$57.85,$59.45,$57.41
11/16/2021,$57.72,1669496,$58.06,$58.82,$57.37
11/15/2021,$58.19,2479864,$56.94,$59.03,$56.55
11/12/2021,$56.51,3069897,$57.25,$57.384,$55.11
11/11/2021,$57.83,1685632,$58.20,$59.15,$57.79
11/10/2021,$58.58,1980037,$59.13,$59.59,$57.69
11/09/2021,$58.78,1436136,$58.30,$58.93,$57.89
11/08/2021,$58.13,2334266,$57.89,$58.22,$56.90
11/05/2021,$57.66,1548160,$56.92,$57.85,$56.78
11/04/2021,$56.15,1793199,$57.49,$57.78,$56.05
11/03/2021,$57.80,1326801,$56.96,$58.50,$56.66
11/02/2021,$56.72,1237032,$57.71,$57.94,$55.94
11/01/2021,$57.56,818874,$56.54,$57.97,$56.54
10/29/2021,$56.45,1017752,$57.10,$57.46,$56.30
10/28/2021,$57.49,988316,$57.60,$58.11,$57.21
10/27/2021,$57.45,926755,$58.50,$58.565,$57.17
10/26/2021,$58.34,973124,$58.55,$59.03,$57.995
10/25/2021,$58.40,1558609,$59.01,$59.56,$57.88
10/22/2021,$59.09,1762866,$57.54,$59.33,$57.26
10/21/2021,$57.24,1006688,$57.48,$57.7244,$56.95
10/20/2021,$57.48,1238702,$55.91,$57.49,$55.91
10/19/2021,$55.95,958826,$55.65,$56.115,$55.28
10/18/2021,$55.50,1065543,$55.94,$56.5469,$55.46
10/15/2021,$56.24,2070429,$58.23,$58.39,$56.14
10/14/2021,$57.96,1960915,$56.28,$58.00,$55.94
10/13/2021,$55.98,1812438,$55.80,$56.80,$55.515
10/12/2021,$55.09,1800506,$55.00,$55.64,$54.48
10/11/2021,$55.20,1987202,$56.12,$56.93,$55.05
10/08/2021,$56.39,3133476,$57.53,$57.77,$56.14
10/07/2021,$58.20,6425773,$55.20,$61.02,$54.18
10/06/2021,$62.34,2301783,$61.86,$62.39,$60.50
10/05/2021,$62.45,1220246,$62.97,$63.46,$62.21
10/04/2021,$62.93,995181,$62.93,$63.65,$62.47
10/01/2021,$62.80,894863,$61.83,$63.05,$61.61
09/30/2021,$61.37,1359415,$61.59,$62.19,$61.20
09/29/2021,$61.61,693247,$61.31,$62.46,$60.95
09/28/2021,$61.29,1357717,$61.53,$61.995,$61.005
09/27/2021,$61.53,1012014,$61.24,$62.34,$60.91
09/24/2021,$60.79,1494967,$60.18,$61.08,$60.11
09/23/2021,$60.37,1907149,$61.46,$61.74,$59.77
09/22/2021,$61.02,1236493,$61.77,$62.08,$60.95
09/21/2021,$61.26,783573,$61.68,$61.92,$60.86
09/20/2021,$61.52,857233,$60.56,$61.62,$60.42
09/17/2021,$61.57,1748789,$61.81,$62.12,$61.32
09/16/2021,$61.87,842365,$61.10,$62.24,$61.10
09/15/2021,$61.03,871724,$60.85,$61.37,$60.64
09/14/2021,$60.88,685745,$61.59,$61.59,$60.36
09/13/2021,$61.46,1036977,$60.89,$62.17,$60.56
09/10/2021,$60.49,1027893,$61.33,$61.80,$60.34
09/09/2021,$61.25,1082618,$61.55,$62.03,$61.00
09/08/2021,$61.97,647052,$62.11,$62.33,$61.70
09/07/2021,$62.16,1439930,$63.23,$63.33,$61.85
09/03/2021,$63.58,602081,$64.34,$64.45,$63.54
09/02/2021,$64.50,762715,$65.67,$65.80,$64.21
09/01/2021,$65.58,989770,$65.42,$65.63,$64.80
08/31/2021,$65.15,1081487,$64.61,$65.51,$64.39
08/30/2021,$64.35,924611,$65.57,$65.8005,$64.28
08/27/2021,$65.56,953735,$64.65,$65.82,$64.56
08/26/2021,$64.51,695616,$65.79,$66.32,$64.28
08/25/2021,$66.09,724766,$66.88,$67.27,$66.06
08/24/2021,$66.63,1027249,$66.57,$66.85,$66.19
08/23/2021,$66.13,1471140,$65.41,$66.28,$65.16
08/20/2021,$65.08,1261416,$65.60,$66.15,$64.90
08/19/2021,$65.73,2171057,$65.72,$66.43,$65.425
08/18/2021,$66.15,1395790,$65.97,$67.045,$65.745
08/17/2021,$66.04,812079,$66.02,$66.45,$65.505
08/16/2021,$66.45,778260,$66.14,$66.48,$65.62
08/13/2021,$66.49,717016,$65.87,$67.08,$65.77
08/12/2021,$65.61,836045,$66.25,$66.28,$65.24
08/11/2021,$66.10,1025115,$65.48,$66.32,$65.2556
08/10/2021,$65.50,993523,$64.36,$65.98,$64.15
08/09/2021,$64.40,1234336,$64.93,$64.93,$64.04
08/06/2021,$65.08,1137519,$64.63,$65.44,$64.44
08/05/2021,$64.18,1367996,$65.45,$65.64,$63.975
08/04/2021,$65.39,1640650,$65.95,$66.38,$64.82
08/03/2021,$66.66,1303759,$67.64,$67.64,$65.89
08/02/2021,$67.35,1952423,$67.45,$68.0375,$66.72
07/30/2021,$66.77,921823,$66.68,$67.4568,$66.2211
07/29/2021,$67.25,2976932,$67.39,$69.72,$67.09
07/28/2021,$66.82,2962034,$65.00,$67.56,$64.81
07/27/2021,$65.79,4351045,$70.11,$72.00,$65.525
07/26/2021,$76.08,1283044,$74.90,$76.48,$74.90
07/23/2021,$75.50,955290,$75.62,$76.75,$75.13
07/22/2021,$74.58,1343607,$75.55,$75.55,$73.74
07/21/2021,$75.70,780435,$77.05,$77.52,$75.52
07/20/2021,$75.98,1778469,$74.09,$76.34,$74.09
07/19/2021,$74.10,1832795,$75.83,$76.3383,$73.40
07/16/2021,$77.65,452482,$79.09,$79.57,$77.59
07/15/2021,$78.65,608407,$77.49,$78.71,$77.15
07/14/2021,$78.00,519223,$77.98,$78.22,$77.34
07/13/2021,$77.96,583807,$79.52,$79.65,$77.83
07/12/2021,$79.70,414244,$79.87,$80.18,$79.12
07/09/2021,$80.82,463145,$80.43,$80.95,$79.99
07/08/2021,$79.60,595139,$79.17,$80.03,$78.68
07/07/2021,$79.93,486016,$79.54,$80.6648,$79.31
07/06/2021,$79.79,513592,$80.17,$80.21,$79.42
07/02/2021,$80.27,575914,$80.95,$81.10,$80.11
07/01/2021,$80.78,529175,$80.81,$81.42,$80.39
06/30/2021,$80.66,884403,$79.16,$80.70,$78.95
06/29/2021,$79.28,419645,$80.30,$80.33,$79.16
06/28/2021,$79.88,693640,$80.67,$80.67,$79.36
06/25/2021,$80.68,1055823,$80.03,$80.92,$79.85
06/24/2021,$80.03,704033,$79.14,$80.13,$78.42
06/23/2021,$78.94,463982,$79.77,$79.96,$78.94
06/22/2021,$79.81,892995,$79.80,$79.93,$78.79
06/21/2021,$79.66,1708609,$78.57,$79.77,$78.25
06/18/2021,$77.95,1657397,$78.51,$78.87,$77.86
06/17/2021,$79.53,916330,$81.34,$81.415,$79.36
06/16/2021,$81.38,530525,$82.52,$82.75,$81.04
06/15/2021,$82.60,471675,$83.97,$83.97,$82.57
06/14/2021,$83.43,714051,$83.52,$83.67,$82.92
06/11/2021,$83.71,974614,$82.48,$83.73,$81.60
06/10/2021,$82.07,1051064,$82.88,$82.88,$81.92
06/09/2021,$82.50,676013,$83.52,$83.81,$82.47
06/08/2021,$83.60,1027040,$85.61,$85.72,$83.60
06/07/2021,$83.80,863373,$84.21,$84.39,$83.22
06/04/2021,$84.00,421512,$83.97,$84.17,$83.45
06/03/2021,$83.60,632925,$83.56,$83.88,$82.96
06/02/2021,$84.14,780529,$83.95,$84.63,$83.32
06/01/2021,$83.96,1194822,$83.23,$84.10,$83.02
05/28/2021,$82.49,947567,$80.57,$82.76,$80.57
05/27/2021,$80.25,1087200,$80.93,$81.50,$80.00
05/26/2021,$80.68,531623,$80.54,$80.97,$80.28
05/25/2021,$80.25,693682,$80.36,$80.57,$79.16
05/24/2021,$80.43,750749,$80.41,$81.36,$80.17
05/21/2021,$80.24,995351,$79.44,$81.12,$79.10
05/20/2021,$77.56,1006320,$77.33,$78.48,$76.77
05/19/2021,$77.14,658644,$76.99,$77.24,$75.82
05/18/2021,$77.48,733704,$77.87,$78.50,$77.41
05/17/2021,$77.68,696039,$77.84,$78.66,$76.83
05/14/2021,$78.79,632247,$78.91,$79.46,$78.34
05/13/2021,$78.40,832858,$76.63,$78.80,$76.63
05/12/2021,$76.75,643504,$77.98,$78.365,$76.52
05/11/2021,$78.14,684456,$78.50,$78.60,$77.75
05/10/2021,$78.90,481868,$79.45,$79.875,$78.83
05/07/2021,$78.97,655246,$77.76,$79.07,$77.69
05/06/2021,$78.05,693908,$78.64,$79.03,$77.59
05/05/2021,$78.64,619544,$79.12,$79.24,$78.01
05/04/2021,$78.86,1558651,$81.39,$81.53,$77.93
05/03/2021,$81.29,841192,$80.67,$82.12,$80.67
04/30/2021,$80.50,845132,$80.49,$81.62,$80.39
04/29/2021,$80.59,991595,$80.00,$81.16,$79.47
04/28/2021,$79.68,821966,$80.62,$81.15,$79.47
04/27/2021,$80.46,812353,$81.42,$81.84,$80.36
04/26/2021,$81.61,647638,$81.75,$82.19,$80.89
04/23/2021,$81.34,406837,$80.49,$81.65,$80.2422
04/22/2021,$80.12,428956,$80.94,$81.23,$80.01
04/21/2021,$80.87,605083,$79.46,$80.97,$79.34
04/20/2021,$79.16,562444,$79.20,$79.86,$78.38
04/19/2021,$79.73,705905,$80.74,$81.04,$79.27
04/16/2021,$80.61,1213123,$79.18,$80.75,$79.18
04/15/2021,$78.73,1053896,$78.09,$78.92,$77.945
04/14/2021,$77.52,826499,$77.63,$78.79,$77.2889
04/13/2021,$77.70,790111,$78.22,$78.68,$77.29
04/12/2021,$78.69,1047207,$77.47,$79.53,$77.24
04/09/2021,$77.41,904611,$77.51,$77.80,$76.3113
04/08/2021,$77.62,2490442,$75.85,$78.21,$75.29
04/07/2021,$77.99,2575242,$79.13,$80.41,$77.68
04/06/2021,$80.92,1316170,$79.97,$82.38,$79.62
04/05/2021,$80.60,1439631,$81.32,$81.80,$79.62
04/01/2021,$78.08,2842690,$77.25,$78.35,$76.48
03/31/2021,$77.48,1886440,$78.55,$79.26,$77.41
03/30/2021,$78.92,950548,$79.19,$80.25,$78.64
03/29/2021,$79.19,794763,$79.65,$80.45,$79.05
03/26/2021,$80.64,934708,$80.40,$81.27,$79.50
03/25/2021,$79.80,937657,$77.91,$80.06,$77.13
03/24/2021,$77.99,680325,$78.11,$80.99,$77.69
03/23/2021,$78.00,846878,$78.71,$79.46,$77.25
03/22/2021,$79.25,685240,$79.97,$80.03,$78.50
03/19/2021,$80.24,927336,$79.65,$81.3994,$79.475
03/18/2021,$79.92,571850,$80.31,$81.06,$79.62
03/17/2021,$80.76,647303,$80.01,$80.82,$79.30
03/16/2021,$80.30,603954,$82.43,$82.915,$80.09
03/15/2021,$82.75,885055,$80.54,$83.53,$80.45
03/12/2021,$80.72,1051812,$81.05,$81.06,$80.10
03/11/2021,$80.54,1435354,$80.56,$83.19,$80.00
03/10/2021,$80.69,5457667,$81.71,$81.935,$79.44
03/09/2021,$81.60,1616308,$84.01,$84.16,$81.56
03/08/2021,$84.30,868708,$86.33,$86.41,$84.08
03/05/2021,$85.80,845163,$83.70,$86.02,$83.16
03/04/2021,$82.76,1265437,$83.13,$84.43,$81.30
03/03/2021,$83.13,1157637,$81.17,$83.685,$81.06
03/02/2021,$81.34,781955,$81.25,$81.90,$78.87
03/01/2021,$81.27,732352,$80.95,$82.61,$80.95
02/26/2021,$79.77,751689,$80.86,$81.39,$79.10
02/25/2021,$80.35,641268,$83.55,$84.34,$80.13
02/24/2021,$83.59,660507,$82.85,$85.13,$82.39
02/23/2021,$83.07,949885,$81.29,$83.25,$80.7608
02/22/2021,$80.75,848609,$77.88,$81.33,$77.52
02/19/2021,$78.09,549902,$77.85,$78.82,$77.745
02/18/2021,$77.59,409008,$76.43,$78.01,$76.11
02/17/2021,$77.09,494142,$76.60,$77.77,$75.24
02/16/2021,$76.72,405331,$77.64,$77.87,$76.48
02/12/2021,$77.16,472974,$76.87,$77.27,$76.45
02/11/2021,$77.26,437948,$76.67,$77.30,$76.24
02/10/2021,$77.08,590940,$79.49,$79.62,$76.74
02/09/2021,$78.77,634785,$79.80,$79.80,$78.52
02/08/2021,$79.71,529902,$79.53,$80.16,$78.34
02/05/2021,$79.50,338754,$80.00,$81.17,$79.08
02/04/2021,$79.22,420941,$78.79,$79.79,$78.26
02/03/2021,$78.54,531040,$77.17,$79.48,$77.17
02/02/2021,$77.84,488224,$76.50,$78.27,$76.11
02/01/2021,$75.60,725139,$75.16,$75.87,$74.086
01/29/2021,$74.70,881713,$76.29,$76.33,$73.32
01/28/2021,$76.91,909935,$74.34,$77.41,$73.875
01/27/2021,$73.38,1392287,$75.64,$75.995,$72.615
01/26/2021,$76.93,1148090,$78.61,$78.78,$76.78
01/25/2021,$78.03,887643,$77.55,$78.53,$76.14
01/22/2021,$78.15,844264,$77.08,$78.59,$76.68
01/21/2021,$77.07,540414,$77.33,$77.44,$76.135
01/20/2021,$77.37,656326,$76.95,$77.97,$76.45
01/19/2021,$77.09,888979,$79.22,$79.38,$77.01
01/15/2021,$78.50,937072,$77.73,$79.09,$76.93
01/14/2021,$78.14,953396,$77.17,$79.45,$76.87
01/13/2021,$76.69,855744,$74.81,$77.58,$74.27
01/12/2021,$75.08,1260299,$75.63,$76.24,$74.36
01/11/2021,$76.01,923734,$76.10,$76.75,$75.05
01/08/2021,$76.83,963717,$75.30,$77.15,$73.61
01/07/2021,$75.70,1418343,$77.12,$79.78,$74.22
01/06/2021,$76.63,1244356,$76.29,$78.00,$75.75
01/05/2021,$75.39,1018860,$75.83,$76.085,$74.72
01/04/2021,$75.67,1162850,$78.38,$78.85,$74.49
12/31/2020,$78.74,382570,$77.59,$79.22,$76.94
12/30/2020,$77.36,421117,$76.77,$77.62,$76.60
12/29/2020,$76.84,527843,$77.65,$77.737,$76.60
12/28/2020,$77.44,371744,$78.35,$78.50,$77.20
12/24/2020,$77.65,294932,$78.44,$78.44,$76.75
12/23/2020,$78.60,615088,$77.60,$79.35,$77.38
12/22/2020,$77.34,640334,$77.98,$78.47,$77.06
12/21/2020,$77.47,719879,$77.01,$77.63,$75.625
12/18/2020,$78.66,1326007,$78.88,$80.00,$78.08
12/17/2020,$78.64,785932,$76.59,$78.67,$76.35
12/16/2020,$76.09,514367,$76.70,$77.00,$75.52
12/15/2020,$76.87,580733,$76.98,$77.315,$75.87
12/14/2020,$76.54,1008038,$77.83,$78.78,$76.42
12/11/2020,$77.28,668063,$75.93,$77.61,$75.61
12/10/2020,$76.39,963851,$76.58,$77.48,$75.63
12/09/2020,$77.40,602791,$77.80,$78.5117,$76.75
12/08/2020,$77.50,566025,$75.79,$77.95,$75.69
12/07/2020,$76.60,853082,$78.50,$79.70,$76.28
12/04/2020,$76.38,1332753,$75.42,$76.39,$75.03
12/03/2020,$75.66,838972,$73.00,$76.22,$72.64
12/02/2020,$72.63,815878,$71.77,$73.12,$71.75
12/01/2020,$72.75,1064420,$73.29,$73.78,$71.58
11/30/2020,$72.38,3592799,$73.00,$73.00,$71.755
11/27/2020,$73.19,661230,$73.02,$73.63,$72.315
11/25/2020,$73.26,1041140,$71.96,$74.1249,$71.11
11/24/2020,$71.98,1566055,$71.53,$73.38,$71.01
11/23/2020,$70.07,1339934,$70.04,$70.42,$69.35
11/20/2020,$69.62,1215039,$71.21,$71.385,$69.31
11/19/2020,$71.60,1020733,$72.49,$72.62,$70.46
11/18/2020,$73.24,1073931,$74.62,$75.4835,$73.23
11/17/2020,$74.50,740489,$73.44,$74.77,$73.07
11/16/2020,$74.23,1099049,$74.26,$74.62,$72.20
11/13/2020,$71.93,585587,$72.00,$72.55,$71.07
11/12/2020,$71.41,735849,$73.10,$73.10,$70.79
11/11/2020,$73.78,1025139,$76.48,$76.725,$73.69
11/10/2020,$76.46,1073884,$76.46,$76.92,$75.24
11/09/2020,$75.87,2421918,$72.86,$82.39,$72.71
11/06/2020,$66.39,768731,$67.78,$68.305,$65.89
11/05/2020,$67.76,766854,$67.91,$68.71,$67.14
11/04/2020,$67.21,1237242,$67.70,$68.91,$67.09
11/03/2020,$67.23,671031,$66.75,$68.44,$66.59
11/02/2020,$65.67,1062832,$64.52,$65.99,$64.12
10/30/2020,$63.45,725839,$64.09,$64.435,$62.62
10/29/2020,$64.09,1129268,$63.22,$64.87,$62.835
10/28/2020,$63.31,1089612,$64.45,$65.10,$63.21
10/27/2020,$66.23,749235,$67.68,$68.105,$66.17
10/26/2020,$67.79,1201291,$71.06,$71.21,$67.23
10/23/2020,$72.11,688439,$73.30,$73.58,$71.55
10/22/2020,$72.88,1632150,$71.73,$72.92,$71.03
10/21/2020,$71.34,1885605,$72.02,$72.35,$71.25
10/20/2020,$71.89,857157,$72.34,$73.109,$71.48
10/19/2020,$71.66,788840,$72.66,$73.02,$71.46
10/16/2020,$72.70,963964,$73.28,$73.68,$72.14
10/15/2020,$73.24,617971,$71.03,$73.50,$70.691
10/14/2020,$72.13,502068,$71.91,$73.05,$71.745
10/13/2020,$71.96,757060,$71.95,$72.17,$71.48
10/12/2020,$72.62,630657,$73.45,$73.57,$72.59
10/09/2020,$73.21,1324505,$74.56,$75.00,$72.66
10/08/2020,$74.33,1069733,$72.63,$74.68,$72.36
10/07/2020,$72.21,2515437,$72.00,$74.25,$71.22
10/06/2020,$70.16,1791918,$70.00,$71.705,$69.38
10/05/2020,$69.55,989657,$68.35,$69.93,$68.21
10/02/2020,$67.93,699680,$65.60,$68.22,$65.35
10/01/2020,$66.67,819192,$66.84,$67.33,$66.02
09/30/2020,$66.27,856339,$66.03,$67.15,$65.67
09/29/2020,$65.29,744273,$66.45,$67.07,$65.08
09/28/2020,$66.77,668286,$65.74,$67.81,$65.74
09/25/2020,$64.89,872074,$62.61,$65.23,$62.33
09/24/2020,$62.67,735777,$63.49,$64.54,$62.125
09/23/2020,$63.53,957522,$64.53,$65.15,$63.085
09/22/2020,$63.57,1383342,$64.77,$66.11,$63.30
09/21/2020,$65.01,1092417,$67.09,$67.145,$64.64
09/18/2020,$68.34,1429668,$69.85,$70.42,$68.22
09/17/2020,$70.10,1421823,$67.39,$70.24,$66.22
09/16/2020,$68.19,1318555,$67.04,$68.89,$66.407
09/15/2020,$67.25,1544505,$65.65,$67.33,$65.47
09/14/2020,$65.61,750492,$63.54,$65.87,$63.27
09/11/2020,$63.33,991214,$62.00,$63.62,$61.72
09/10/2020,$62.00,1070265,$61.59,$62.79,$61.40
09/09/2020,$61.40,857854,$61.78,$62.60,$60.65
09/08/2020,$61.10,789993,$62.19,$62.40,$60.86
09/04/2020,$62.44,580387,$63.44,$63.91,$61.77
09/03/2020,$63.28,1081101,$63.26,$65.20,$62.64
09/02/2020,$62.77,996287,$61.37,$63.23,$61.16
09/01/2020,$61.33,872567,$62.55,$62.79,$61.12
08/31/2020,$62.85,921607,$63.97,$64.48,$62.83
08/28/2020,$64.19,1009176,$62.62,$64.345,$61.86
08/27/2020,$62.45,1145618,$62.06,$63.57,$61.77
08/26/2020,$61.45,1035524,$62.46,$62.77,$61.00
08/25/2020,$62.93,469769,$63.97,$63.97,$62.18
08/24/2020,$63.66,876970,$61.82,$63.66,$61.59
08/21/2020,$61.48,672360,$62.39,$62.56,$61.30
08/20/2020,$62.34,655883,$63.17,$63.70,$62.15
08/19/2020,$64.06,780515,$63.40,$64.74,$63.02
08/18/2020,$63.28,1043629,$63.46,$63.57,$62.04
08/17/2020,$63.45,869382,$64.92,$65.15,$63.32
08/14/2020,$64.65,604662,$64.21,$64.95,$63.43
08/13/2020,$64.69,571872,$64.03,$65.59,$63.72
08/12/2020,$64.38,792881,$64.87,$64.87,$63.45
08/11/2020,$64.21,799651,$65.41,$65.49,$63.885
08/10/2020,$64.57,736514,$63.01,$64.93,$62.88
08/07/2020,$62.75,879859,$63.12,$63.46,$62.54
08/06/2020,$63.50,1249048,$61.90,$63.70,$61.7827
08/05/2020,$62.80,1082556,$62.12,$63.03,$61.51
08/04/2020,$61.74,853379,$60.21,$62.115,$60.21
08/03/2020,$60.13,1056961,$60.24,$60.92,$59.25
07/31/2020,$60.08,971719,$59.87,$60.08,$58.82
07/30/2020,$59.32,1028521,$59.04,$60.47,$58.675
07/29/2020,$59.81,2963125,$62.22,$62.88,$59.61
07/28/2020,$62.42,3554363,$65.26,$68.48,$62.205
07/27/2020,$70.50,1547256,$67.86,$71.03,$67.62
07/24/2020,$67.79,945024,$68.38,$68.83,$67.42
07/23/2020,$68.72,569794,$67.94,$69.44,$67.94
07/22/2020,$68.16,741483,$65.76,$68.28,$65.345
07/21/2020,$65.94,877393,$65.29,$67.26,$65.29
07/20/2020,$65.00,849489,$66.23,$66.535,$64.76
07/17/2020,$66.40,1004413,$67.26,$67.43,$66.08
07/16/2020,$66.92,1104692,$67.84,$68.36,$66.69
07/15/2020,$68.26,1308935,$67.78,$68.80,$66.97
07/14/2020,$66.15,1202452,$63.63,$66.23,$63.09
07/13/2020,$63.80,872970,$63.68,$64.64,$63.005
07/10/2020,$63.01,994797,$59.94,$63.09,$59.76
07/09/2020,$59.96,1589389,$61.28,$61.36,$58.98
07/08/2020,$61.85,1326812,$62.65,$63.08,$60.73
07/07/2020,$63.05,1085063,$63.58,$63.70,$62.46
07/06/2020,$64.05,775190,$64.86,$65.00,$63.45
07/02/2020,$63.46,757247,$64.71,$64.71,$63.28
07/01/2020,$63.42,784297,$63.87,$64.51,$62.95
06/30/2020,$63.93,873369,$63.42,$64.54,$62.87
06/29/2020,$63.26,985941,$63.24,$64.115,$61.95
06/26/2020,$62.53,1970036,$63.69,$63.69,$61.77
06/25/2020,$63.86,977785,$62.33,$64.06,$61.98
06/24/2020,$63.05,1390151,$65.47,$66.02,$61.86
06/23/2020,$66.54,1529326,$66.55,$67.41,$66.26
06/22/2020,$65.85,868291,$66.07,$66.14,$64.845
06/19/2020,$66.20,1354983,$68.90,$69.31,$66.19
06/18/2020,$67.79,850121,$66.77,$67.91,$66.45
06/17/2020,$67.83,1352258,$68.12,$68.88,$67.37
06/16/2020,$67.96,1106238,$68.44,$68.98,$66.22
06/15/2020,$65.52,1084511,$63.06,$65.82,$62.12
06/12/2020,$64.97,1142727,$65.41,$66.63,$62.87
06/11/2020,$63.26,1973401,$68.08,$68.18,$63.11
06/10/2020,$70.52,1858640,$71.34,$71.42,$69.16
06/09/2020,$71.90,3542515,$73.38,$73.49,$71.01
06/08/2020,$74.58,4498525,$71.32,$74.81,$71.25
06/05/2020,$71.25,3251681,$69.30,$71.37,$67.78
06/04/2020,$65.81,1536085,$64.35,$65.88,$63.97
06/03/2020,$64.78,1708103,$62.74,$65.41,$62.60
06/02/2020,$61.77,1573923,$62.81,$62.82,$60.60
06/01/2020,$61.59,2174839,$60.92,$63.52,$60.43
05/29/2020,$60.06,6912064,$58.96,$60.35,$58.00
05/28/2020,$59.62,2104282,$62.58,$62.58,$59.075
05/27/2020,$61.95,1957357,$61.73,$62.87,$60.00
05/26/2020,$60.70,1923791,$59.72,$60.97,$58.85
05/22/2020,$57.22,1291872,$56.20,$57.36,$55.72
05/21/2020,$55.83,1449735,$56.12,$56.16,$55.03
05/20/2020,$56.27,2020100,$56.07,$56.51,$54.035
05/19/2020,$55.86,1503758,$56.10,$57.42,$55.38
05/18/2020,$56.37,1416709,$54.03,$56.84,$54.03
05/15/2020,$52.09,1289022,$54.21,$54.21,$51.72
05/14/2020,$54.51,1114746,$53.80,$55.09,$52.27
05/13/2020,$54.78,1271561,$57.96,$58.42,$53.89
05/12/2020,$58.23,1039982,$60.11,$60.57,$58.18
05/11/2020,$59.66,902937,$60.75,$61.55,$59.435
05/08/2020,$61.54,1920368,$56.98,$62.005,$56.315
05/07/2020,$55.42,1966196,$59.69,$59.97,$55.34
05/06/2020,$59.00,1071359,$59.13,$60.395,$58.88
05/05/2020,$58.97,1021738,$58.36,$60.02,$58.36
05/04/2020,$57.70,898753,$57.68,$58.11,$56.61
05/01/2020,$58.35,884160,$60.54,$61.00,$58.03
04/30/2020,$61.36,2377587,$63.43,$64.45,$60.74
04/29/2020,$64.89,2033289,$61.42,$65.42,$60.37
04/28/2020,$60.16,1373071,$59.86,$60.43,$59.02
04/27/2020,$58.55,1069207,$57.94,$59.3985,$57.83
04/24/2020,$57.78,1152781,$57.09,$58.50,$56.21
04/23/2020,$56.69,1418049,$56.34,$57.99,$55.91
04/22/2020,$56.33,981847,$56.68,$57.279,$55.2077
04/21/2020,$55.71,1341084,$55.22,$56.98,$55.22
04/20/2020,$57.51,1245440,$59.24,$60.41,$57.335
04/17/2020,$59.92,1533748,$59.30,$61.29,$58.46
04/16/2020,$57.55,1221547,$56.36,$58.09,$55.83
04/15/2020,$55.91,2021752,$58.61,$58.65,$54.50
04/14/2020,$60.70,2045426,$59.09,$62.22,$59.09
04/13/2020,$58.26,1072037,$58.39,$58.70,$55.61
04/09/2020,$58.40,2046874,$58.71,$62.27,$58.01
04/08/2020,$57.75,1857496,$55.43,$58.42,$55.14
04/07/2020,$55.10,2614692,$54.52,$58.52,$53.12
04/06/2020,$51.82,1977698,$52.71,$53.51,$51.385
04/03/2020,$50.20,1692063,$49.88,$50.75,$48.76
04/02/2020,$49.88,3217450,$49.75,$52.185,$48.59
04/01/2020,$51.00,3141145,$52.00,$52.46,$48.12
03/31/2020,$57.10,2604219,$57.79,$60.14,$56.43
03/30/2020,$57.64,2033005,$57.77,$60.00,$56.24
03/27/2020,$57.25,1975848,$56.51,$58.27,$53.90
03/26/2020,$58.84,1826321,$56.89,$61.46,$56.1218
03/25/2020,$56.33,2533691,$55.00,$57.89,$54.17
03/24/2020,$55.04,3074932,$49.86,$57.65,$49.75
03/23/2020,$47.71,1847074,$46.06,$48.76,$42.43
03/20/2020,$47.63,2763685,$49.45,$51.21,$47.43
03/19/2020,$48.81,2433294,$43.07,$49.36,$42.78
03/18/2020,$45.01,2218325,$50.40,$51.09,$39.06
03/17/2020,$53.13,2960444,$53.35,$53.81,$49.04
03/16/2020,$52.44,2337364,$58.32,$60.98,$51.47
03/13/2020,$63.85,2633122,$65.78,$66.36,$60.39
03/12/2020,$63.36,2194813,$67.57,$68.93,$62.24
03/11/2020,$71.43,2622330,$71.01,$73.00,$70.175
03/10/2020,$72.73,2145437,$75.00,$75.00,$70.88
03/09/2020,$73.38,1633315,$79.76,$79.99,$73.25
03/06/2020,$83.37,2409459,$83.78,$84.13,$80.17
03/05/2020,$86.36,1368905,$87.32,$87.945,$85.95
03/04/2020,$88.09,1446473,$86.56,$88.28,$86.17
03/03/2020,$85.50,1628827,$86.44,$88.32,$84.9738
03/02/2020,$86.65,2420914,$86.94,$88.45,$85.21
02/28/2020,$86.89,2623123,$88.10,$88.27,$85.41
02/27/2020,$89.45,984472,$92.10,$92.84,$89.44
02/26/2020,$92.54,778537,$94.01,$95.025,$92.485
02/25/2020,$93.77,937425,$95.20,$96.11,$93.74
02/24/2020,$95.32,714003,$94.00,$95.61,$93.65
02/21/2020,$94.84,421705,$94.92,$95.14,$94.535
02/20/2020,$94.92,527606,$94.23,$94.96,$93.86
02/19/2020,$94.35,534219,$95.98,$96.32,$94.13
02/18/2020,$95.87,962837,$94.94,$95.93,$94.70
02/14/2020,$95.17,466209,$95.14,$95.60,$94.54
02/13/2020,$95.09,506357,$94.60,$95.42,$94.23
02/12/2020,$94.51,465405,$94.98,$95.42,$94.15
02/11/2020,$95.13,676680,$94.61,$95.42,$94.40
02/10/2020,$94.58,580416,$94.43,$94.97,$94.19
02/07/2020,$94.45,611036,$93.38,$94.53,$93.04
02/06/2020,$93.17,1128160,$92.77,$93.59,$92.51
02/05/2020,$92.58,973412,$92.38,$93.48,$92.06
02/04/2020,$92.28,660610,$92.21,$92.99,$91.785
02/03/2020,$91.75,1438177,$91.67,$91.96,$91.07
01/31/2020,$91.31,932907,$91.87,$92.76,$91.22
01/30/2020,$92.12,740226,$91.53,$92.35,$91.24
01/29/2020,$92.05,739711,$91.60,$92.64,$90.80
01/28/2020,$91.66,1016466,$90.11,$91.99,$89.80
01/27/2020,$90.43,907160,$90.64,$91.70,$90.27
01/24/2020,$90.69,519044,$91.09,$91.16,$90.29
01/23/2020,$90.89,901311,$90.95,$91.46,$90.655
01/22/2020,$91.19,1001395,$91.23,$92.16,$91.07
01/21/2020,$91.20,1010850,$90.52,$91.44,$90.49
01/17/2020,$90.50,908457,$91.21,$91.43,$90.49
01/16/2020,$91.00,681999,$90.94,$91.69,$90.59
01/15/2020,$90.88,809325,$90.73,$92.02,$90.67
01/14/2020,$90.67,685477,$91.06,$91.59,$90.37
01/13/2020,$91.23,1586848,$90.27,$91.91,$90.27
01/10/2020,$90.48,908916,$90.83,$91.27,$90.21
01/09/2020,$90.79,945692,$91.95,$91.99,$90.58
01/08/2020,$91.26,1516374,$91.20,$92.25,$91.03
01/07/2020,$91.21,1791770,$90.55,$91.92,$90.20
01/06/2020,$90.70,1960527,$92.45,$92.51,$90.48
01/03/2020,$93.56,3940608,$87.15,$94.46,$86.19
01/02/2020,$84.09,1554789,$85.77,$86.07,$83.9472
12/31/2019,$86.03,1044851,$85.52,$86.07,$84.87
12/30/2019,$85.45,396997,$85.96,$86.05,$85.23
12/27/2019,$86.07,427707,$86.22,$86.59,$85.84
12/26/2019,$86.15,370132,$85.18,$86.16,$85.15
12/24/2019,$85.14,444585,$85.56,$85.82,$85.14
12/23/2019,$85.50,553443,$86.23,$86.23,$85.45
12/20/2019,$85.83,2257194,$84.86,$86.24,$84.215
12/19/2019,$84.20,1027523,$84.39,$84.91,$83.89
12/18/2019,$84.17,968641,$84.31,$84.44,$83.43
12/17/2019,$84.09,723182,$84.03,$84.78,$83.965
12/16/2019,$83.97,1173051,$84.05,$84.585,$83.4578
12/13/2019,$84.10,1395798,$83.89,$84.56,$83.30
12/12/2019,$84.11,821945,$84.36,$85.08,$83.52
12/11/2019,$84.38,476249,$84.27,$84.86,$83.97
12/10/2019,$84.02,638108,$84.29,$84.50,$83.945
12/09/2019,$84.16,709164,$84.26,$84.355,$83.92
12/06/2019,$84.22,698579,$84.40,$84.96,$84.14
12/05/2019,$84.41,681112,$84.35,$84.80,$84.10
12/04/2019,$84.13,1152617,$84.22,$84.99,$83.73
12/03/2019,$84.41,974604,$83.95,$84.78,$83.60
12/02/2019,$84.03,1691670,$83.81,$84.18,$82.82
11/29/2019,$83.98,544826,$83.97,$84.38,$83.60
11/27/2019,$84.02,917414,$83.85,$84.25,$83.60
11/26/2019,$83.85,2633064,$83.70,$84.11,$83.17
11/25/2019,$83.43,858965,$83.27,$83.75,$83.12
11/22/2019,$82.91,691076,$83.07,$83.32,$82.58
11/21/2019,$82.84,952831,$83.24,$83.47,$82.23
11/20/2019,$83.49,819238,$83.71,$84.225,$83.165
11/19/2019,$83.75,963860,$83.53,$84.25,$83.18
11/18/2019,$83.36,2261812,$82.70,$84.33,$82.47
11/15/2019,$82.94,1456213,$81.20,$82.94,$81.05
11/14/2019,$81.04,658048,$81.07,$81.47,$80.29
11/13/2019,$81.00,799149,$79.99,$81.30,$79.77
11/12/2019,$80.12,903683,$80.41,$80.81,$79.71
11/11/2019,$80.49,674084,$78.72,$80.49,$78.6958
11/08/2019,$78.95,460398,$78.93,$79.00,$78.39
11/07/2019,$79.00,802448,$79.21,$79.42,$78.29
11/06/2019,$79.07,847297,$76.95,$79.23,$76.95
11/05/2019,$76.86,740702,$77.04,$77.49,$76.62
11/04/2019,$77.21,1392883,$77.44,$77.99,$76.76
11/01/2019,$77.57,867757,$78.34,$78.52,$77.395
10/31/2019,$78.04,944432,$77.58,$78.22,$76.62
10/30/2019,$77.75,614704,$77.14,$78.10,$76.70
10/29/2019,$77.02,649728,$75.99,$77.165,$75.705
10/28/2019,$76.03,675836,$75.15,$76.42,$75.15
10/25/2019,$75.00,728093,$74.88,$75.31,$74.22
10/24/2019,$74.60,763806,$74.81,$74.81,$73.75
10/23/2019,$74.81,1140137,$75.33,$75.54,$74.17
10/22/2019,$75.33,706886,$77.18,$77.18,$75.18
10/21/2019,$76.82,582179,$76.97,$77.18,$76.59
10/18/2019,$76.97,627661,$77.13,$77.32,$76.62
10/17/2019,$77.05,729012,$76.41,$77.53,$76.22
10/16/2019,$76.23,761980,$75.70,$76.23,$74.95
10/15/2019,$75.50,723863,$75.94,$76.20,$75.16
10/14/2019,$75.84,458455,$76.19,$76.345,$75.52
10/11/2019,$76.09,521689,$76.55,$76.88,$76.03
10/10/2019,$76.41,836885,$75.79,$76.92,$75.43
10/09/2019,$75.96,579042,$76.57,$76.98,$75.73
10/08/2019,$76.57,1349120,$75.76,$76.97,$75.23
10/07/2019,$75.91,1346067,$77.54,$77.7156,$75.70
10/04/2019,$77.77,1357778,$78.00,$79.39,$76.99
10/03/2019,$77.88,2614121,$73.54,$77.88,$73.47
10/02/2019,$73.35,3604743,$73.60,$74.67,$72.51
10/01/2019,$73.57,2015179,$72.82,$74.745,$72.82
09/30/2019,$72.72,1651093,$73.34,$73.49,$72.26
09/27/2019,$73.36,723288,$73.84,$73.84,$72.67
09/26/2019,$73.59,940714,$74.13,$74.49,$73.56
09/25/2019,$73.86,987390,$73.64,$74.33,$73.16
09/24/2019,$73.86,952235,$74.28,$74.81,$73.66
09/23/2019,$74.14,1031760,$73.68,$74.44,$73.22
09/20/2019,$73.52,1413187,$74.00,$74.22,$72.81
09/19/2019,$73.63,1059027,$73.73,$74.01,$73.475
09/18/2019,$73.75,1063260,$74.12,$74.29,$72.94
09/17/2019,$74.00,1113169,$72.88,$74.01,$72.6509
09/16/2019,$73.19,955705,$72.26,$73.65,$71.94
09/13/2019,$72.15,913441,$71.83,$73.00,$71.35
09/12/2019,$71.95,522295,$71.85,$72.22,$71.60
09/11/2019,$71.58,657657,$70.60,$71.77,$70.02
09/10/2019,$70.57,693014,$70.77,$70.78,$69.76
09/09/2019,$71.06,526940,$71.30,$71.48,$70.34
09/06/2019,$71.22,843592,$71.97,$72.44,$71.14
09/05/2019,$71.79,920262,$72.76,$72.83,$71.63
09/04/2019,$72.38,897522,$71.59,$72.48,$71.285
09/03/2019,$71.36,612323,$70.10,$71.40,$69.81
08/30/2019,$70.39,773648,$70.28,$70.77,$70.11
08/29/2019,$69.92,429052,$69.20,$70.01,$68.88
08/28/2019,$68.77,479392,$68.56,$69.16,$68.17
08/27/2019,$68.45,629958,$68.88,$69.2599,$67.94
08/26/2019,$68.87,600433,$68.83,$69.12,$68.47
08/23/2019,$68.40,674330,$69.42,$69.95,$68.10
08/22/2019,$69.51,752675,$68.63,$69.96,$68.47
08/21/2019,$68.44,732508,$68.51,$69.14,$68.23
08/20/2019,$68.25,1249621,$69.84,$69.84,$67.92
08/19/2019,$70.12,1447094,$69.04,$70.38,$68.99
08/16/2019,$68.81,793655,$68.19,$69.18,$67.45
08/15/2019,$67.90,749072,$66.94,$68.20,$66.77
08/14/2019,$66.80,1232556,$67.23,$67.72,$66.47
08/13/2019,$67.30,1410248,$67.91,$68.38,$67.13
08/12/2019,$67.90,504541,$66.86,$68.01,$66.6472
08/09/2019,$67.06,547983,$67.05,$67.20,$66.22
08/08/2019,$66.84,1236921,$65.08,$67.26,$65.08
08/07/2019,$65.62,970779,$64.83,$65.78,$63.69
08/06/2019,$64.95,1225542,$65.41,$66.10,$64.78
08/05/2019,$65.36,1022111,$66.63,$66.81,$64.55
08/02/2019,$67.06,1101635,$66.70,$67.38,$66.24
08/01/2019,$66.55,1137630,$67.26,$67.78,$66.53
07/31/2019,$67.12,2230616,$67.70,$67.70,$66.405
07/30/2019,$67.54,1642121,$65.71,$67.75,$65.33
07/29/2019,$65.55,1061900,$64.86,$65.7399,$64.48
07/26/2019,$64.68,1319926,$65.12,$65.20,$64.08
07/25/2019,$64.79,1483594,$63.10,$64.90,$63.01
07/24/2019,$63.49,2441691,$63.19,$64.12,$62.03
07/23/2019,$63.66,3855735,$65.63,$65.63,$63.13
07/22/2019,$67.56,1979670,$68.64,$68.77,$67.50
07/19/2019,$68.57,1647214,$68.05,$68.85,$67.94
07/18/2019,$67.96,892554,$67.20,$68.06,$66.67
07/17/2019,$67.08,810943,$66.71,$67.14,$66.47
07/16/2019,$66.79,1250361,$66.63,$67.015,$66.35
07/15/2019,$66.37,1269356,$66.00,$66.81,$65.41
07/12/2019,$65.93,2027526,$67.60,$67.76,$65.89
07/11/2019,$67.58,2758644,$66.29,$67.755,$66.25
07/10/2019,$66.20,2535029,$65.00,$66.89,$64.77
07/09/2019,$65.08,2706597,$64.37,$65.35,$63.64
07/08/2019,$64.39,956413,$64.43,$64.78,$63.96
07/05/2019,$64.34,706056,$63.54,$64.38,$63.30
07/03/2019,$63.72,670897,$62.65,$63.96,$62.65
07/02/2019,$62.62,998698,$62.84,$63.55,$62.54
07/01/2019,$62.53,1067146,$63.53,$63.63,$62.28
06/28/2019,$63.36,2422049,$61.85,$63.38,$61.70
06/27/2019,$61.70,1315009,$62.74,$62.74,$61.11
06/26/2019,$63.00,2281325,$62.12,$63.29,$62.07
06/25/2019,$62.54,2027374,$60.83,$62.81,$60.54
06/24/2019,$60.76,1045112,$60.79,$61.42,$60.44
06/21/2019,$60.84,1955287,$61.33,$61.89,$60.452
06/20/2019,$61.34,1041283,$61.44,$62.15,$61.13
06/19/2019,$61.32,1646652,$60.76,$61.44,$59.15
06/18/2019,$58.97,1070925,$59.99,$60.18,$58.83
06/17/2019,$59.85,1304082,$61.44,$61.52,$59.605
06/14/2019,$61.71,1295111,$61.33,$61.91,$61.21
06/13/2019,$61.21,1135869,$61.43,$61.51,$60.65
06/12/2019,$61.37,691267,$62.14,$62.6062,$61.24
06/11/2019,$61.92,920986,$61.42,$62.35,$61.42
06/10/2019,$61.42,1089836,$60.90,$61.605,$60.49
06/07/2019,$60.99,1568976,$62.58,$62.75,$60.66
06/06/2019,$62.39,1387728,$62.14,$62.57,$61.52
06/05/2019,$62.35,1624417,$61.59,$62.42,$61.04
06/04/2019,$61.23,3288881,$60.36,$61.26,$60.06
06/03/2019,$60.24,1154761,$59.25,$60.35,$59.19
05/31/2019,$59.25,1327029,$59.84,$59.925,$59.16
05/30/2019,$60.05,1226959,$59.91,$60.425,$59.61
05/29/2019,$59.93,2360779,$60.60,$60.74,$59.64
05/28/2019,$60.79,4988713,$62.13,$62.3185,$60.08
05/24/2019,$62.13,2018143,$63.18,$63.45,$61.92
05/23/2019,$63.08,1958010,$63.29,$63.49,$62.46
05/22/2019,$63.66,1931606,$65.36,$65.95,$63.57
05/21/2019,$65.36,2769605,$67.57,$67.955,$65.22
05/20/2019,$67.54,1487171,$67.63,$68.42,$67.46
05/17/2019,$67.63,1512746,$66.83,$67.83,$65.95
05/16/2019,$66.88,2356532,$67.25,$68.05,$66.85
05/15/2019,$67.07,2318938,$67.08,$68.12,$66.66
05/14/2019,$67.02,1980326,$66.76,$67.835,$66.58
05/13/2019,$66.54,2145695,$66.99,$67.21,$65.43
05/10/2019,$67.45,1224998,$68.46,$68.46,$67.22
05/09/2019,$68.63,1443985,$68.18,$68.73,$67.93
05/08/2019,$68.30,2047211,$68.15,$68.63,$67.89
05/07/2019,$68.25,2877879,$68.61,$68.83,$66.83
05/06/2019,$67.50,1260851,$66.51,$67.69,$66.29
05/03/2019,$67.10,2289772,$66.53,$67.16,$65.46
05/02/2019,$66.37,3550016,$69.77,$69.77,$65.23
05/01/2019,$70.10,1273989,$69.94,$70.65,$69.90
04/30/2019,$70.05,1541354,$68.57,$70.17,$68.07
04/29/2019,$68.55,1482686,$69.47,$69.51,$68.00
04/26/2019,$69.69,955418,$69.41,$70.20,$68.68
04/25/2019,$69.20,759972,$68.72,$69.67,$68.66
04/24/2019,$69.29,1301950,$69.66,$69.81,$68.82
04/23/2019,$69.48,1194263,$68.75,$69.81,$68.75
04/22/2019,$68.90,1403968,$67.73,$68.93,$67.19
04/18/2019,$67.62,2237221,$68.62,$68.62,$67.08
04/17/2019,$68.63,1185976,$69.75,$69.96,$68.59
04/16/2019,$69.66,1209637,$71.22,$71.63,$69.63
04/15/2019,$71.20,788562,$71.14,$71.65,$70.93
04/12/2019,$71.11,1008115,$71.49,$71.55,$70.58
04/11/2019,$71.63,1192443,$72.33,$72.58,$71.27
04/10/2019,$72.40,1174998,$73.08,$73.53,$72.245
04/09/2019,$72.92,1120271,$72.67,$72.94,$71.95
04/08/2019,$72.87,1527943,$71.92,$73.20,$71.72
04/05/2019,$71.63,2512710,$70.19,$71.66,$69.64
04/04/2019,$70.32,2401898,$73.08,$73.15,$70.30
04/03/2019,$73.09,2835360,$74.54,$75.43,$73.08
04/02/2019,$74.36,6292785,$79.00,$79.10,$73.12
04/01/2019,$73.97,2076003,$74.79,$75.43,$73.71
03/29/2019,$74.94,2787708,$74.18,$75.24,$73.32
03/28/2019,$73.92,2107899,$72.49,$74.345,$72.19
03/27/2019,$72.27,1374705,$73.11,$73.37,$72.11
03/26/2019,$73.00,1276322,$72.86,$73.18,$72.23
03/25/2019,$72.83,1798146,$71.57,$73.28,$71.50
03/22/2019,$71.66,1234420,$71.27,$72.03,$70.83
03/21/2019,$71.00,1002253,$69.55,$71.00,$69.20
03/20/2019,$69.37,1149950,$69.86,$70.155,$68.88
03/19/2019,$69.71,857663,$70.14,$70.33,$69.36
03/18/2019,$69.90,1580981,$69.38,$70.37,$69.24
03/15/2019,$69.51,3240517,$68.04,$69.57,$67.96
03/14/2019,$68.19,1989963,$69.98,$69.98,$68.13
03/13/2019,$69.84,1160980,$69.71,$70.01,$69.40
03/12/2019,$69.70,1347904,$70.43,$70.475,$69.60
03/11/2019,$70.21,1504167,$69.96,$70.46,$69.60
03/08/2019,$70.01,1011200,$70.46,$70.46,$69.795
03/07/2019,$70.51,1737081,$70.55,$71.205,$70.18
03/06/2019,$70.54,1349399,$71.25,$71.75,$70.41
03/05/2019,$71.16,1245737,$70.73,$71.16,$70.4331
03/04/2019,$70.79,2055465,$70.93,$70.94,$70.01
03/01/2019,$70.95,1156664,$69.69,$70.97,$69.12
02/28/2019,$69.31,1265695,$69.20,$69.66,$68.64
02/27/2019,$69.10,1306911,$68.84,$69.115,$67.84
02/26/2019,$69.00,1826331,$69.77,$70.05,$68.93
02/25/2019,$69.49,1164720,$70.80,$70.96,$69.27
02/22/2019,$70.50,962135,$70.05,$70.86,$69.65
02/21/2019,$70.98,990108,$70.00,$70.99,$69.90
02/20/2019,$70.06,1480313,$70.17,$70.42,$69.87
02/19/2019,$70.30,1552059,$69.46,$70.44,$69.40
02/15/2019,$69.51,1393391,$69.52,$69.89,$69.00
02/14/2019,$68.97,2305380,$68.33,$69.52,$67.92
02/13/2019,$68.56,2659158,$69.22,$69.49,$68.37
02/12/2019,$69.02,1521319,$70.34,$70.77,$69.00
02/11/2019,$70.39,1202671,$70.86,$71.00,$69.81
02/08/2019,$70.62,1095280,$70.29,$70.62,$70.01
02/07/2019,$70.61,1310659,$70.95,$71.37,$70.23
02/06/2019,$71.31,782936,$71.48,$71.63,$70.74
02/05/2019,$71.64,945498,$71.39,$72.01,$71.18
02/04/2019,$71.30,1438744,$72.16,$72.33,$70.84
02/01/2019,$72.40,1837439,$72.48,$72.55,$71.605
01/31/2019,$72.30,1343638,$72.14,$72.45,$71.07
01/30/2019,$72.58,846528,$72.71,$73.00,$72.26
01/29/2019,$72.44,1236223,$71.33,$72.76,$71.33
01/28/2019,$71.40,2785780,$70.63,$71.52,$70.13
01/25/2019,$71.10,1437859,$71.77,$72.00,$70.50
01/24/2019,$71.36,1225458,$71.99,$72.50,$70.8401
01/23/2019,$72.73,1747810,$71.94,$73.60,$71.58
01/22/2019,$70.75,1421772,$70.89,$71.47,$70.33
01/18/2019,$70.88,1927635,$71.13,$71.76,$70.68
01/17/2019,$70.90,1464917,$70.00,$71.25,$69.92
01/16/2019,$70.18,1984208,$69.22,$71.11,$69.21
01/15/2019,$68.90,1738831,$67.65,$69.14,$67.43
01/14/2019,$67.64,1920871,$69.46,$69.46,$65.87
01/11/2019,$69.47,964214,$69.86,$69.86,$69.00
01/10/2019,$69.86,1395384,$69.72,$69.89,$68.90
01/09/2019,$69.72,1763517,$71.16,$71.21,$69.67
01/08/2019,$70.91,2910830,$70.61,$71.61,$69.81
01/07/2019,$70.55,3494365,$75.59,$75.59,$69.85
01/04/2019,$75.58,2715444,$75.10,$76.88,$74.66
01/03/2019,$72.98,1933290,$73.14,$73.88,$72.77
01/02/2019,$73.66,2200827,$73.23,$74.09,$72.17
12/31/2018,$73.56,815944,$73.61,$73.75,$72.6995
12/28/2018,$73.61,819446,$74.07,$74.49,$72.93
12/27/2018,$73.73,1457060,$72.79,$73.74,$71.57
12/26/2018,$73.37,2595723,$71.90,$73.65,$71.66
12/24/2018,$71.53,548368,$73.58,$74.43,$70.91
12/21/2018,$73.60,2323565,$73.75,$75.21,$73.29
12/20/2018,$73.40,1889522,$74.75,$75.40,$72.71
12/19/2018,$74.99,1765071,$75.99,$77.36,$74.72
12/18/2018,$75.63,1584687,$75.96,$76.495,$75.03
12/17/2018,$75.44,1973224,$75.70,$76.70,$75.205
12/14/2018,$75.83,1780292,$77.47,$77.72,$75.50
12/13/2018,$77.69,1375386,$76.35,$77.87,$76.19
12/12/2018,$76.39,1750682,$75.61,$77.2025,$75.60
12/11/2018,$75.17,1699074,$73.90,$75.79,$73.67
12/10/2018,$73.37,2299496,$73.64,$73.64,$72.29
12/07/2018,$73.45,1580778,$74.30,$74.52,$73.19
12/06/2018,$74.13,2511564,$75.50,$76.30,$72.98
12/04/2018,$75.49,2946066,$75.86,$76.87,$75.30
12/03/2018,$75.58,3026619,$77.33,$77.40,$74.64
11/30/2018,$76.70,39384400,$76.90,$77.65,$75.83
11/29/2018,$76.74,2620286,$77.30,$78.77,$76.66
11/28/2018,$77.10,2555505,$77.50,$78.23,$76.14
11/27/2018,$77.55,3391838,$78.36,$79.59,$77.19
11/26/2018,$80.37,1415321,$81.74,$81.84,$79.98
11/23/2018,$81.15,480018,$81.39,$82.06,$80.66
11/21/2018,$81.79,676303,$80.66,$82.03,$80.65
11/20/2018,$80.60,1077476,$80.50,$80.77,$79.82
11/19/2018,$80.81,1440838,$82.38,$83.08,$80.63
11/16/2018,$82.65,1024014,$82.20,$83.64,$82.06
11/15/2018,$82.21,1196750,$81.90,$82.77,$80.55
11/14/2018,$82.99,1386383,$83.34,$83.86,$82.70
11/13/2018,$83.35,1032002,$82.17,$83.46,$81.74
11/12/2018,$82.14,1177554,$82.00,$82.81,$81.32
11/09/2018,$82.02,899841,$81.50,$82.035,$81.14
11/08/2018,$81.68,1244700,$80.60,$81.85,$80.33
11/07/2018,$80.81,816092,$80.40,$81.63,$80.40
11/06/2018,$80.26,1220099,$78.64,$80.43,$78.63
11/05/2018,$78.63,917544,$77.03,$78.705,$77.01
11/02/2018,$76.98,1006137,$77.45,$78.23,$76.30
11/01/2018,$77.23,934902,$78.16,$78.21,$76.52
10/31/2018,$78.16,1343340,$76.82,$79.06,$76.23
10/30/2018,$76.79,1541160,$77.33,$78.6822,$76.03
10/29/2018,$77.20,1351042,$77.70,$78.96,$76.71
10/26/2018,$77.01,972527,$77.51,$77.87,$76.70
10/25/2018,$78.05,1289418,$78.13,$78.75,$77.35
10/24/2018,$79.05,1673339,$78.25,$79.97,$78.08
10/23/2018,$78.16,869137,$76.58,$78.35,$75.82
10/22/2018,$77.15,720776,$76.96,$77.70,$76.43
10/19/2018,$76.57,757285,$76.35,$76.84,$75.99
10/18/2018,$75.65,694263,$76.11,$76.78,$75.02
10/17/2018,$76.11,893179,$75.12,$76.255,$74.50
10/16/2018,$75.27,972785,$73.53,$75.34,$73.33
10/15/2018,$73.18,601338,$73.06,$73.66,$72.50
10/12/2018,$72.96,1023139,$72.66,$73.19,$72.09
10/11/2018,$72.13,1548315,$72.99,$73.09,$71.875
10/10/2018,$73.22,4207105,$74.64,$74.84,$73.0001
10/09/2018,$74.62,1729727,$74.10,$75.81,$73.83
10/08/2018,$73.99,1962356,$74.36,$75.09,$73.35
10/05/2018,$74.70,1516277,$73.44,$74.83,$73.28
10/04/2018,$73.25,1358151,$72.08,$73.44,$71.81
10/03/2018,$72.24,1437929,$72.94,$73.90,$72.19
10/02/2018,$72.00,3290291,$69.66,$72.47,$68.25
10/01/2018,$65.94,1468389,$66.96,$67.00,$65.80
09/28/2018,$66.60,1397950,$65.38,$66.67,$65.05
09/27/2018,$65.59,1551257,$66.29,$66.41,$65.24
09/26/2018,$66.70,1015120,$67.08,$67.25,$66.47
09/25/2018,$67.10,658532,$66.46,$67.14,$66.2401
09/24/2018,$66.43,1674645,$66.81,$67.21,$65.87
09/21/2018,$67.00,1448072,$66.92,$67.49,$66.73
09/20/2018,$66.13,1029134,$65.27,$66.27,$64.68
09/19/2018,$65.26,1640891,$66.97,$67.21,$65.2101
09/18/2018,$66.84,1177532,$66.50,$67.8328,$65.59
09/17/2018,$66.69,600939,$68.06,$68.06,$66.68
09/14/2018,$68.01,524617,$67.35,$68.19,$67.22
09/13/2018,$67.35,487226,$67.12,$67.79,$66.61
09/12/2018,$67.14,464093,$67.22,$67.47,$66.46
09/11/2018,$67.13,462526,$66.72,$67.39,$66.488
09/10/2018,$67.03,392974,$67.04,$67.2075,$66.85
09/07/2018,$66.83,365916,$67.02,$67.245,$66.715
09/06/2018,$67.22,783278,$67.03,$67.54,$66.81
09/05/2018,$67.30,537820,$66.83,$67.5099,$66.54
09/04/2018,$67.17,563918,$67.65,$67.89,$67.05
08/31/2018,$67.60,436698,$67.20,$67.72,$66.83
08/30/2018,$67.12,452596,$67.54,$67.93,$66.91
08/29/2018,$67.73,467514,$68.21,$68.37,$67.63
08/28/2018,$67.90,601922,$67.91,$68.65,$67.67
08/27/2018,$68.12,878538,$67.45,$68.46,$67.35
08/24/2018,$67.03,987979,$66.91,$67.38,$66.72
08/23/2018,$67.08,745617,$65.86,$67.38,$65.80
08/22/2018,$66.18,1122629,$65.32,$66.25,$65.01
08/21/2018,$65.24,1734772,$65.63,$66.11,$65.00
08/20/2018,$65.63,1355934,$65.78,$66.00,$65.18
08/17/2018,$65.59,1891673,$66.13,$66.13,$63.02
08/16/2018,$66.59,1606231,$69.29,$69.75,$66.45
08/15/2018,$69.26,976962,$71.46,$71.71,$68.94
08/14/2018,$71.70,594818,$71.12,$72.04,$70.96
08/13/2018,$70.92,758814,$71.05,$71.51,$70.46
08/10/2018,$71.09,399168,$71.50,$72.365,$70.95
08/09/2018,$71.63,681535,$71.39,$71.74,$70.81
08/08/2018,$71.41,301409,$71.81,$71.93,$71.10
08/07/2018,$71.77,566004,$72.62,$72.63,$71.67
08/06/2018,$72.58,924865,$72.34,$73.19,$71.83
08/03/2018,$72.16,633457,$70.67,$72.18,$70.67
08/02/2018,$70.53,460539,$69.22,$70.75,$69.04
08/01/2018,$69.70,428894,$70.29,$70.37,$69.53
07/31/2018,$70.27,655997,$70.35,$70.52,$70.06
07/30/2018,$70.24,659336,$69.52,$70.30,$69.41
07/27/2018,$69.80,834450,$70.14,$70.49,$69.75
07/26/2018,$70.05,1632384,$70.92,$71.02,$68.25
07/25/2018,$70.41,1789695,$68.63,$71.315,$68.10
07/24/2018,$68.34,2183017,$68.87,$69.55,$68.09
07/23/2018,$69.02,1170240,$70.52,$70.67,$68.805
07/20/2018,$70.42,826005,$70.48,$70.86,$70.07
07/19/2018,$70.38,944830,$70.48,$70.80,$69.841
07/18/2018,$70.59,535483,$70.69,$70.93,$70.29
07/17/2018,$70.73,491940,$70.20,$70.92,$70.11
07/16/2018,$70.20,540009,$70.69,$70.86,$70.025
07/13/2018,$70.85,674462,$70.57,$71.29,$70.51
07/12/2018,$70.54,887471,$70.35,$70.57,$70.09
07/11/2018,$70.20,438030,$70.21,$70.65,$69.7901
07/10/2018,$70.28,1437062,$70.78,$71.01,$70.03
07/09/2018,$70.38,832544,$70.21,$71.04,$70.03
07/06/2018,$70.19,375107,$69.70,$70.50,$69.70
07/05/2018,$69.88,997993,$68.52,$69.93,$68.27
07/03/2018,$68.37,514488,$68.13,$68.63,$67.94
07/02/2018,$67.99,721927,$68.12,$68.20,$67.62
06/29/2018,$68.51,857899,$68.98,$69.34,$68.42
06/28/2018,$68.72,606729,$68.21,$68.98,$68.10
06/27/2018,$68.16,588581,$68.75,$69.07,$67.82
06/26/2018,$68.63,1033896,$68.42,$69.55,$68.15
06/25/2018,$68.15,805548,$68.06,$68.37,$67.57
06/22/2018,$67.88,1257212,$67.55,$68.15,$67.06
06/21/2018,$67.29,1888763,$67.61,$67.91,$67.19
06/20/2018,$67.48,2094010,$66.63,$67.60,$66.14
06/19/2018,$66.38,1463203,$64.87,$66.65,$64.52
06/18/2018,$64.93,644385,$64.50,$65.07,$64.47
06/15/2018,$64.93,1262133,$65.81,$65.90,$64.72
06/14/2018,$65.85,513650,$65.53,$66.02,$65.17
06/13/2018,$65.34,884067,$65.80,$66.09,$65.33
06/12/2018,$65.69,591661,$65.55,$65.96,$65.29
06/11/2018,$65.36,554384,$65.67,$65.93,$65.36
06/08/2018,$65.68,768512,$64.99,$66.3125,$64.80
06/07/2018,$64.86,1227703,$64.49,$65.57,$64.15
06/06/2018,$64.66,1178676,$65.72,$65.72,$63.35
06/05/2018,$65.73,1382260,$65.23,$65.81,$64.51
06/04/2018,$65.28,741495,$64.32,$65.28,$64.17
06/01/2018,$64.11,799261,$64.12,$64.43,$63.64
05/31/2018,$63.75,740482,$65.00,$65.06,$63.75
05/30/2018,$65.00,784427,$64.81,$65.39,$64.66
05/29/2018,$64.56,806132,$64.98,$65.33,$64.17
05/25/2018,$65.43,1288634,$65.13,$66.07,$64.96
05/24/2018,$65.20,542604,$65.16,$65.555,$64.96
05/23/2018,$65.16,547106,$64.83,$65.33,$64.83
05/22/2018,$65.04,1506592,$66.28,$66.31,$64.17
05/21/2018,$66.74,336057,$67.16,$67.37,$66.56
05/18/2018,$66.79,584278,$66.67,$67.10,$66.55
05/17/2018,$67.00,726581,$67.17,$67.30,$66.68
05/16/2018,$67.14,603096,$67.28,$67.305,$66.77
05/15/2018,$67.31,831077,$67.25,$67.73,$67.00
05/14/2018,$67.62,678244,$68.10,$68.41,$67.475
05/11/2018,$67.93,730826,$68.18,$68.70,$67.74
05/10/2018,$68.03,841437,$68.28,$68.35,$67.72
05/09/2018,$67.73,1146721,$66.75,$68.31,$66.67
05/08/2018,$66.66,557299,$66.07,$66.74,$65.86
05/07/2018,$66.21,637310,$65.37,$66.35,$64.8737
05/04/2018,$65.09,700264,$63.94,$65.65,$63.86
05/03/2018,$64.04,722028,$64.11,$64.31,$63.465
05/02/2018,$64.14,879241,$64.91,$65.25,$64.00
05/01/2018,$64.97,945978,$65.03,$65.15,$64.46
04/30/2018,$65.32,807997,$66.57,$66.66,$65.27
04/27/2018,$66.59,474461,$66.54,$66.85,$66.34
04/26/2018,$66.41,1045853,$66.04,$66.75,$65.61
04/25/2018,$65.85,814418,$65.33,$65.96,$65.05
04/24/2018,$65.44,665176,$66.04,$66.13,$65.04
04/23/2018,$65.66,537019,$65.64,$66.10,$65.46
04/20/2018,$65.36,2933094,$65.25,$65.57,$64.58
04/19/2018,$65.25,685550,$65.47,$65.61,$64.73
04/18/2018,$65.51,1867751,$65.50,$65.97,$64.96
04/17/2018,$65.50,1545452,$64.85,$65.55,$64.46
04/16/2018,$64.73,1246932,$64.25,$64.95,$63.87
04/13/2018,$64.12,1476742,$63.63,$64.25,$63.01
04/12/2018,$63.32,1163780,$63.84,$64.09,$63.08
04/11/2018,$63.76,1569143,$63.33,$63.87,$63.28
04/10/2018,$63.77,1314942,$63.00,$63.97,$62.38
04/09/2018,$62.29,1087705,$62.18,$63.07,$61.78
04/06/2018,$61.78,1652389,$61.30,$62.56,$60.9403
04/05/2018,$61.47,3856946,$62.00,$62.835,$60.06
04/04/2018,$59.43,1883644,$58.73,$59.67,$58.25
04/03/2018,$59.13,1578688,$58.44,$59.50,$57.58
04/02/2018,$58.07,1876088,$58.50,$58.90,$57.45
03/29/2018,$58.22,1321459,$56.76,$58.50,$56.76
03/28/2018,$56.39,832599,$55.97,$56.56,$55.79
03/27/2018,$56.00,987551,$57.31,$57.54,$55.77
03/26/2018,$56.43,1135027,$54.53,$56.61,$54.485
03/23/2018,$54.05,806645,$54.75,$55.20,$54.04
03/22/2018,$54.58,636897,$55.00,$55.77,$54.57
03/21/2018,$55.36,769259,$55.53,$55.695,$54.58
03/20/2018,$55.69,422419,$55.67,$55.96,$55.5103
03/19/2018,$55.47,976236,$55.52,$55.86,$55.19
03/16/2018,$55.66,1027107,$55.72,$56.25,$55.23
03/15/2018,$55.62,505527,$56.22,$56.64,$55.29
03/14/2018,$56.08,468271,$56.75,$56.92,$55.90
03/13/2018,$56.47,391742,$57.32,$57.59,$56.36
03/12/2018,$57.26,798005,$57.46,$57.67,$56.85
03/09/2018,$57.33,967000,$56.99,$57.39,$56.66
03/08/2018,$56.67,839956,$56.36,$56.90,$56.17
03/07/2018,$56.31,872226,$56.31,$56.64,$55.86
03/06/2018,$56.82,784777,$55.85,$56.84,$55.605
03/05/2018,$55.88,1070696,$55.21,$55.93,$55.01
03/02/2018,$55.37,731169,$54.23,$55.43,$54.04
03/01/2018,$54.46,776168,$54.08,$55.12,$53.99
02/28/2018,$54.09,941001,$54.58,$54.822,$54.08
02/27/2018,$54.39,530254,$54.62,$54.91,$54.39
02/26/2018,$54.62,624039,$54.94,$55.07,$54.35
02/23/2018,$54.71,706994,$53.98,$54.75,$53.31
02/22/2018,$53.75,1388930,$53.52,$54.27,$53.29
02/21/2018,$53.51,869446,$54.42,$54.96,$53.47
02/20/2018,$54.29,929792,$55.28,$55.57,$54.24
02/16/2018,$55.58,1263903,$55.07,$55.85,$54.85
02/15/2018,$55.40,3528806,$54.46,$55.40,$53.87
02/14/2018,$54.24,1668799,$54.33,$54.83,$53.93
02/13/2018,$54.54,1162766,$54.96,$55.07,$54.22
02/12/2018,$55.08,1257560,$54.78,$55.465,$54.35
02/09/2018,$54.46,1804030,$55.08,$55.565,$52.92
02/08/2018,$54.73,1587180,$57.13,$57.50,$54.69
02/07/2018,$56.93,1652699,$55.67,$57.23,$55.5183
02/06/2018,$55.80,2018935,$55.22,$56.7399,$54.34
02/05/2018,$56.34,2142202,$56.74,$57.53,$56.17
02/02/2018,$56.79,1788400,$57.15,$57.65,$56.225
02/01/2018,$57.40,1690290,$58.40,$58.80,$57.01
01/31/2018,$58.60,861030,$58.46,$59.14,$58.19
01/30/2018,$58.25,940073,$58.67,$59.095,$58.04
01/29/2018,$59.09,709746,$59.49,$60.23,$59.08
01/26/2018,$59.80,444994,$59.23,$59.86,$58.80
01/25/2018,$59.24,704634,$60.07,$60.46,$58.90
01/24/2018,$59.87,828295,$60.40,$60.75,$59.80
01/23/2018,$60.32,578016,$60.16,$60.66,$59.85
01/22/2018,$60.30,794419,$60.27,$60.85,$60.04
01/19/2018,$60.04,976765,$59.18,$60.28,$59.18
01/18/2018,$59.03,1657129,$59.37,$59.53,$58.6291
01/17/2018,$59.34,680320,$58.74,$59.63,$58.50
01/16/2018,$58.52,972544,$58.40,$59.09,$58.345
01/12/2018,$58.28,1095822,$57.99,$58.44,$57.62
01/11/2018,$58.00,1429729,$58.02,$58.24,$57.53
01/10/2018,$57.87,998145,$58.26,$58.455,$57.57
01/09/2018,$58.04,891672,$58.49,$58.70,$57.98
01/08/2018,$58.56,958710,$57.82,$58.69,$57.29
01/05/2018,$57.70,2317307,$57.24,$58.00,$56.74
01/04/2018,$57.22,3492419,$55.55,$57.99,$53.20
01/03/2018,$56.06,1632365,$55.60,$56.44,$55.22
01/02/2018,$55.37,938926,$56.49,$56.77,$55.17
12/29/2017,$56.45,1163314,$55.92,$57.51,$55.82
12/28/2017,$55.86,668150,$55.63,$56.07,$55.42
12/27/2017,$55.46,571565,$55.33,$55.73,$55.20
12/26/2017,$55.18,492284,$55.81,$55.86,$55.11
12/22/2017,$55.82,836022,$55.68,$55.99,$55.38
12/21/2017,$55.43,776294,$56.04,$56.25,$55.30
12/20/2017,$55.98,1110119,$56.03,$56.08,$55.36
12/19/2017,$55.85,787942,$56.33,$56.69,$55.76
12/18/2017,$56.12,1000083,$55.65,$56.50,$55.53
12/15/2017,$55.50,2592257,$55.32,$55.75,$55.20
12/14/2017,$55.45,493749,$55.71,$55.95,$55.41
12/13/2017,$55.80,923598,$55.90,$56.08,$55.70
12/12/2017,$55.75,672685,$56.98,$57.04,$55.65
12/11/2017,$56.88,1390804,$56.15,$57.20,$56.10
12/08/2017,$56.20,1608133,$55.05,$56.42,$54.95
12/07/2017,$54.98,1004792,$54.25,$55.16,$54.2482
12/06/2017,$54.45,559643,$54.45,$54.90,$54.36
12/05/2017,$54.45,666045,$55.10,$55.10,$54.44
12/04/2017,$54.95,795312,$55.01,$55.1575,$54.62
12/01/2017,$54.86,1410048,$54.50,$54.93,$53.86
11/30/2017,$54.37,2492746,$53.94,$54.485,$53.75
11/29/2017,$53.95,1093657,$53.98,$54.37,$53.49
11/28/2017,$54.03,2589423,$54.08,$54.45,$53.72
11/27/2017,$54.03,997469,$54.43,$54.48,$53.98
11/24/2017,$54.44,130888,$54.40,$54.65,$54.18
11/22/2017,$54.25,541321,$53.74,$54.27,$53.47
11/21/2017,$53.74,726582,$53.73,$54.205,$53.63
11/20/2017,$53.69,617917,$53.21,$53.91,$53.21
11/17/2017,$53.21,853001,$53.21,$53.995,$53.16
11/16/2017,$53.45,1499415,$52.98,$54.03,$52.98
11/15/2017,$52.74,1069945,$53.29,$53.29,$52.70
11/14/2017,$53.39,807857,$52.71,$54.01,$52.48
11/13/2017,$52.78,777494,$51.88,$52.85,$51.80
11/10/2017,$51.96,733097,$51.36,$52.24,$50.60
11/09/2017,$51.62,415371,$52.20,$52.45,$51.57
11/08/2017,$52.39,465036,$51.73,$52.41,$51.67
11/07/2017,$51.66,436059,$52.19,$52.35,$51.45
11/06/2017,$52.06,447152,$52.40,$52.47,$51.72
11/03/2017,$52.12,660578,$51.73,$52.43,$51.46
11/02/2017,$51.80,996682,$51.10,$51.86,$50.90
11/01/2017,$51.35,650547,$51.02,$51.97,$51.02
10/31/2017,$50.99,478756,$50.53,$51.56,$50.4006
10/30/2017,$50.38,475561,$50.70,$50.97,$50.26
10/27/2017,$50.82,374813,$50.61,$50.87,$50.08
10/26/2017,$50.60,299091,$50.65,$50.93,$50.57
10/25/2017,$50.62,596415,$51.05,$51.16,$50.351
10/24/2017,$50.72,410038,$50.66,$51.20,$50.45
10/23/2017,$50.90,710170,$50.61,$51.08,$50.5201
10/20/2017,$50.63,501277,$50.41,$50.778,$50.23
10/19/2017,$50.30,487849,$50.47,$50.68,$50.13
10/18/2017,$50.56,763456,$50.38,$50.565,$50.22
10/17/2017,$50.22,1048795,$50.55,$50.60,$49.91
10/16/2017,$50.69,665619,$50.00,$50.82,$50.00
10/13/2017,$50.00,534894,$49.89,$50.04,$49.611
10/12/2017,$49.70,504936,$49.36,$49.7259,$49.00
10/11/2017,$49.37,739316,$49.05,$49.75,$48.95
10/10/2017,$49.04,782302,$49.09,$49.24,$48.85
10/09/2017,$48.83,545246,$49.14,$49.21,$48.71
10/06/2017,$49.13,760154,$48.59,$49.13,$48.59
10/05/2017,$48.59,905861,$48.84,$49.14,$48.54
10/04/2017,$48.41,2031288,$48.67,$48.85,$46.30
10/03/2017,$47.17,1274941,$47.54,$47.61,$46.96
10/02/2017,$47.54,1324562,$46.80,$48.17,$46.682
09/29/2017,$46.89,910259,$46.46,$47.15,$46.46
09/28/2017,$46.58,685872,$45.98,$46.63,$45.875
09/27/2017,$46.04,686479,$45.83,$46.24,$45.63
09/26/2017,$45.53,598119,$45.26,$45.82,$45.17
09/25/2017,$45.17,855380,$45.36,$45.60,$45.02
09/22/2017,$45.38,380923,$45.98,$46.14,$45.33
09/21/2017,$45.86,284589,$46.72,$46.745,$45.83
09/20/2017,$46.65,632206,$46.37,$46.72,$46.18
09/19/2017,$46.39,666447,$46.29,$46.43,$45.99
09/18/2017,$46.28,583223,$46.30,$46.45,$45.87
09/15/2017,$46.39,1962642,$46.16,$46.51,$46.12
09/14/2017,$46.07,636360,$46.49,$46.55,$46.01
09/13/2017,$46.55,848278,$46.04,$46.745,$46.04
09/12/2017,$46.00,714018,$45.67,$46.01,$45.51
09/11/2017,$45.63,567144,$45.67,$46.13,$45.48
09/08/2017,$45.44,631499,$45.21,$45.90,$44.92
09/07/2017,$45.28,721161,$45.39,$45.58,$45.04
09/06/2017,$45.32,730529,$45.74,$45.805,$45.02
09/05/2017,$45.74,1072076,$46.05,$46.23,$45.56
09/01/2017,$45.99,545622,$45.72,$46.15,$45.55
08/31/2017,$45.48,652027,$45.11,$45.71,$45.01
08/30/2017,$45.17,730935,$45.11,$45.24,$44.68
08/29/2017,$45.07,975904,$44.78,$45.16,$44.73
08/28/2017,$44.88,981999,$45.19,$45.19,$44.72
08/25/2017,$45.04,983199,$45.06,$45.23,$44.81
08/24/2017,$45.00,1029501,$45.61,$45.61,$44.815
08/23/2017,$45.59,709113,$45.57,$45.74,$45.03
08/22/2017,$45.66,858638,$45.50,$45.97,$45.39
08/21/2017,$45.45,697288,$45.14,$45.58,$45.014
08/18/2017,$45.27,756030,$45.21,$45.31,$44.86
08/17/2017,$45.37,729785,$45.29,$45.90,$45.12
08/16/2017,$45.36,523238,$45.11,$45.57,$44.92
08/15/2017,$45.02,439945,$44.90,$45.08,$44.70
08/14/2017,$44.81,690766,$44.87,$45.06,$44.695
08/11/2017,$44.81,452938,$44.33,$44.81,$44.08
08/10/2017,$44.34,620412,$43.43,$44.38,$43.28
08/09/2017,$43.51,690684,$43.45,$43.81,$43.00
08/08/2017,$43.56,789743,$43.74,$43.76,$43.21
08/07/2017,$43.86,555530,$43.62,$44.11,$43.41
08/04/2017,$43.62,441720,$43.41,$43.62,$42.90
08/03/2017,$43.22,462170,$43.74,$43.74,$43.12
08/02/2017,$43.76,1002646,$43.86,$44.13,$43.25
08/01/2017,$44.04,1094020,$44.21,$44.26,$43.91
07/31/2017,$43.98,1169033,$43.65,$44.15,$43.6425
07/28/2017,$43.82,933451,$43.69,$44.1812,$43.60
07/27/2017,$43.86,1866105,$44.29,$44.54,$43.72
07/26/2017,$44.28,1260182,$45.51,$46.01,$44.18
07/25/2017,$45.68,3173973,$47.38,$49.94,$45.02
07/24/2017,$44.75,961992,$44.81,$45.26,$44.46
07/21/2017,$45.00,586393,$44.30,$45.20,$44.27
07/20/2017,$44.28,463948,$44.44,$44.51,$44.22
07/19/2017,$44.38,592590,$44.20,$44.57,$44.05
07/18/2017,$44.13,568848,$44.02,$44.34,$43.855
07/17/2017,$43.99,512537,$43.67,$44.18,$43.40
07/14/2017,$43.65,358200,$43.80,$44.09,$43.605
07/13/2017,$43.77,697406,$44.03,$44.19,$43.48
07/12/2017,$44.00,931942,$44.00,$44.53,$43.75
07/11/2017,$43.79,1129639,$42.81,$43.81,$42.58
07/10/2017,$42.74,1034906,$43.20,$43.26,$42.58
07/07/2017,$43.10,516779,$43.01,$43.40,$42.76
07/06/2017,$42.90,726607,$43.13,$43.24,$42.745
07/05/2017,$43.27,820641,$43.67,$44.07,$43.26
07/03/2017,$43.86,618134,$44.02,$44.16,$43.32
06/30/2017,$44.04,652596,$44.29,$44.51,$43.96
06/29/2017,$44.13,761990,$45.30,$45.31,$44.04
06/28/2017,$45.37,664006,$44.86,$45.74,$44.65
06/27/2017,$44.69,591825,$45.28,$45.37,$44.52
06/26/2017,$45.34,477150,$45.62,$45.74,$45.06
06/23/2017,$45.56,2435357,$45.54,$45.73,$45.31
06/22/2017,$45.59,311228,$45.83,$46.01,$45.41
06/21/2017,$45.82,812338,$45.91,$46.18,$45.57
06/20/2017,$45.73,447726,$45.86,$45.93,$45.48
06/19/2017,$45.55,906195,$44.96,$45.65,$44.96
06/16/2017,$45.07,1658171,$45.18,$45.27,$43.89
06/15/2017,$45.32,480335,$45.46,$45.64,$45.06
06/14/2017,$45.59,759970,$45.80,$46.13,$45.46
06/13/2017,$45.98,592829,$45.60,$46.24,$45.47
06/12/2017,$45.43,611563,$46.16,$46.28,$45.20
06/09/2017,$46.03,863154,$46.58,$46.76,$45.85
06/08/2017,$46.50,373975,$46.90,$46.91,$46.48
06/07/2017,$46.91,691077,$46.76,$47.21,$46.325
06/06/2017,$46.67,568089,$46.65,$46.705,$45.94
06/05/2017,$46.71,653729,$47.15,$47.46,$46.41
06/02/2017,$47.38,634097,$47.56,$47.99,$47.00
06/01/2017,$47.32,740514,$46.48,$47.40,$46.33
05/31/2017,$46.41,879685,$46.31,$46.82,$46.31
05/30/2017,$46.17,756935,$45.50,$46.32,$45.41
05/26/2017,$45.66,434195,$45.55,$45.81,$45.31
05/25/2017,$45.63,561452,$45.58,$45.92,$45.40
05/24/2017,$45.49,1182038,$44.68,$45.51,$44.40
05/23/2017,$44.22,651295,$44.51,$44.73,$44.16
05/22/2017,$44.58,531801,$44.50,$44.75,$44.29
05/19/2017,$44.38,740241,$44.42,$44.84,$44.0501
05/18/2017,$43.94,1088172,$44.05,$44.22,$43.72
05/17/2017,$44.17,1248382,$44.39,$44.71,$44.03
05/16/2017,$44.47,1805882,$43.23,$44.51,$43.10
05/15/2017,$42.93,601864,$42.14,$42.96,$42.14
05/12/2017,$42.20,523108,$42.07,$42.37,$42.07
05/11/2017,$42.20,1006884,$42.33,$42.50,$41.92
05/10/2017,$42.47,1017208,$41.68,$42.47,$41.65
05/09/2017,$41.75,715032,$41.62,$41.90,$41.31
05/08/2017,$41.58,739582,$41.42,$41.62,$41.12
05/05/2017,$41.57,595167,$41.18,$41.635,$41.18
05/04/2017,$41.26,959109,$41.18,$41.40,$40.75
05/03/2017,$40.90,800552,$41.17,$41.44,$40.83
05/02/2017,$41.39,1039744,$41.68,$42.02,$40.91
05/01/2017,$41.80,1440214,$41.86,$41.97,$41.35
04/28/2017,$41.75,1186078,$42.59,$42.64,$41.55
04/27/2017,$42.64,991385,$42.14,$42.85,$42.13
04/26/2017,$42.24,901229,$42.33,$42.38,$41.96
04/25/2017,$42.46,840056,$42.84,$42.93,$42.28
04/24/2017,$42.67,555585,$42.53,$42.71,$42.20
04/21/2017,$42.26,1035046,$42.57,$42.57,$42.04
04/20/2017,$42.60,415618,$42.31,$42.74,$42.02
04/19/2017,$42.20,526314,$42.29,$42.39,$42.01
04/18/2017,$42.38,812945,$42.27,$42.44,$41.99
04/17/2017,$42.23,508809,$41.89,$42.26,$41.755
04/13/2017,$41.87,531793,$42.18,$42.34,$41.87
04/12/2017,$42.16,717625,$42.90,$42.9499,$42.08
04/11/2017,$42.88,1170516,$42.78,$42.89,$42.0943
04/10/2017,$42.76,1236697,$42.94,$43.01,$42.18
04/07/2017,$42.99,2618197,$42.13,$43.26,$41.75
04/06/2017,$43.14,2956532,$43.12,$43.40,$40.61
04/05/2017,$41.74,813568,$42.13,$42.50,$41.70
04/04/2017,$42.19,1297662,$42.08,$42.22,$41.54
04/03/2017,$42.00,914679,$42.01,$42.25,$41.75
03/31/2017,$42.06,1003812,$42.07,$42.145,$41.81
03/30/2017,$42.09,641004,$42.70,$42.70,$42.06
03/29/2017,$42.64,704039,$42.88,$42.95,$42.52
03/28/2017,$42.92,901945,$42.86,$43.20,$42.66
03/27/2017,$42.96,812738,$42.53,$43.02,$42.22
03/24/2017,$42.67,1338311,$43.00,$43.235,$42.67
03/23/2017,$43.01,1135576,$42.40,$43.28,$42.22
03/22/2017,$42.44,1391719,$43.02,$43.48,$42.43
03/21/2017,$42.87,1640736,$42.59,$43.125,$42.54
03/20/2017,$42.48,1693155,$42.31,$42.63,$42.091
03/17/2017,$42.25,1608966,$41.94,$42.39,$41.6695
03/16/2017,$41.99,1065257,$42.28,$42.50,$41.75
03/15/2017,$42.36,2309856,$42.44,$43.47,$42.28
03/14/2017,$42.21,992609,$41.50,$42.25,$41.3232
03/13/2017,$41.53,1383880,$41.39,$41.61,$41.31
03/10/2017,$41.40,1544140,$41.02,$41.60,$40.8644
03/09/2017,$40.98,1533904,$40.79,$41.10,$40.54
03/08/2017,$40.72,1926522,$40.65,$41.08,$40.42
03/07/2017,$40.74,1684017,$40.26,$41.05,$40.045
03/06/2017,$40.42,1784398,$40.37,$40.61,$40.06
03/03/2017,$40.40,1254144,$40.08,$40.467,$39.53
03/02/2017,$40.22,818892,$39.70,$40.39,$39.557
03/01/2017,$39.95,734412,$39.10,$40.04,$39.07
02/28/2017,$39.19,653900,$39.44,$39.79,$39.19
02/27/2017,$39.48,603491,$39.70,$39.70,$39.08
02/24/2017,$39.58,374959,$39.50,$39.66,$39.3215
02/23/2017,$39.50,564214,$39.95,$39.95,$39.27
02/22/2017,$39.85,800763,$39.41,$40.00,$39.41
02/21/2017,$39.62,1295408,$39.56,$40.13,$39.30
02/17/2017,$39.62,1487957,$39.77,$39.95,$39.30
02/16/2017,$39.90,1034842,$39.57,$40.16,$39.5599
02/15/2017,$39.63,1387718,$39.50,$39.75,$39.20
02/14/2017,$39.65,1098381,$39.33,$39.74,$39.25
02/13/2017,$39.43,1128260,$39.24,$39.71,$38.83
02/10/2017,$39.27,868909,$39.00,$39.57,$38.60
02/09/2017,$39.08,1138886,$39.06,$39.52,$38.69
02/08/2017,$39.16,1575213,$39.28,$39.69,$38.58
02/07/2017,$39.41,1362245,$39.25,$39.80,$38.98
02/06/2017,$39.24,1097753,$39.13,$39.35,$38.721
02/03/2017,$38.90,1495201,$38.49,$39.47,$38.4601
02/02/2017,$38.42,2496332,$37.70,$38.81,$37.61
02/01/2017,$37.77,2212174,$37.58,$37.97,$37.16
01/31/2017,$37.36,1625296,$36.68,$37.55,$36.68
01/30/2017,$36.78,912896,$36.20,$36.93,$36.20
01/27/2017,$36.44,1088390,$36.40,$36.54,$35.81
01/26/2017,$36.33,1015269,$36.39,$36.87,$36.25
01/25/2017,$36.67,1183305,$37.45,$37.7999,$36.44
01/24/2017,$37.49,1199629,$36.66,$37.67,$36.59
01/23/2017,$36.77,2035285,$36.98,$37.42,$36.466
01/20/2017,$37.11,1337042,$36.95,$37.56,$36.77
01/19/2017,$36.96,890406,$36.79,$37.00,$36.33
01/18/2017,$36.64,1214200,$36.75,$36.88,$36.41
01/17/2017,$36.89,1907181,$37.14,$37.22,$36.75
01/13/2017,$37.22,1010164,$36.89,$37.30,$36.55
01/12/2017,$36.96,1235201,$36.69,$37.01,$36.1201
01/11/2017,$36.89,2184374,$36.70,$37.20,$36.02
01/10/2017,$36.84,3712586,$38.79,$38.96,$36.19
01/09/2017,$36.89,1333756,$36.81,$37.09,$36.10
01/06/2017,$36.83,1367990,$36.42,$36.96,$36.06
01/05/2017,$36.62,1099591,$36.98,$37.71,$36.48
01/04/2017,$36.98,1712669,$37.67,$38.41,$36.4248
01/03/2017,$37.49,2006963,$37.71,$38.60,$37.36
12/30/2016,$37.85,773230,$37.74,$38.52,$37.675
12/29/2016,$37.77,658516,$37.37,$37.96,$37.143
12/28/2016,$37.23,534220,$37.25,$37.66,$37.01
12/27/2016,$37.34,822236,$36.65,$37.49,$36.61
12/23/2016,$36.85,888289,$36.41,$37.07,$35.97
12/22/2016,$36.33,1438479,$35.00,$36.62,$34.80
12/21/2016,$35.02,703934,$34.64,$35.22,$34.46
12/20/2016,$34.95,944998,$34.22,$35.11,$34.20
12/19/2016,$34.48,1983266,$35.31,$35.84,$34.27
12/16/2016,$35.26,3783968,$34.34,$35.47,$34.28
12/15/2016,$34.38,1555074,$35.06,$35.264,$34.15
12/14/2016,$35.15,3886277,$36.62,$37.00,$34.97
12/13/2016,$36.58,1814477,$36.97,$37.09,$35.67
12/12/2016,$36.73,1258339,$36.38,$37.215,$36.31
12/09/2016,$36.38,1993074,$35.82,$36.51,$35.60
12/08/2016,$35.93,2602986,$34.91,$36.00,$34.61
12/07/2016,$34.75,3809431,$34.07,$34.98,$34.00
12/06/2016,$33.82,1622915,$33.45,$33.86,$33.21
12/05/2016,$33.65,2004735,$32.87,$33.7595,$32.7501
12/02/2016,$32.99,1213120,$32.16,$33.21,$32.01
12/01/2016,$32.51,2914939,$33.04,$33.26,$32.185
11/30/2016,$33.48,2764920,$33.26,$34.30,$33.00
11/29/2016,$33.19,2139479,$33.05,$33.36,$32.72
11/28/2016,$32.74,1928533,$32.27,$33.50,$32.17
11/25/2016,$32.59,827809,$32.76,$32.78,$32.27
11/23/2016,$33.02,3620409,$32.70,$33.47,$32.50
11/22/2016,$32.70,5601830,$31.52,$33.15,$30.43
11/21/2016,$31.74,5036577,$32.26,$32.50,$31.29
11/18/2016,$32.68,4253280,$32.14,$33.10,$31.79
11/17/2016,$32.51,5252133,$31.40,$33.065,$30.635
11/16/2016,$31.70,4342310,$30.77,$32.04,$30.61
11/15/2016,$30.43,3667256,$29.64,$30.6995,$29.62
11/14/2016,$30.19,4481901,$29.34,$30.43,$28.75
11/11/2016,$29.89,5993313,$29.80,$30.09,$28.85
11/10/2016,$30.33,34989680,$32.04,$32.35,$29.82
11/09/2016,$31.84,653083,$35.00,$35.00,$31.81
11/08/2016,$34.00,214072,$33.25,$34.00,$32.57
11/07/2016,$33.02,28979,$33.50,$33.51,$32.75
11/04/2016,$33.50,33778,$33.00,$34.00,$32.99
11/03/2016,$34.00,1070,$34.00,$34.00,$34.00
11/02/2016,$34.00,N/A,$34.00,$34.00,$34.00
11/01/2016,$34.00,1100,$32.00,$34.00,$32.00
